cat_name,cat_tag_name,level_1_name,level_1_tag_name,level_1_url,level_2_name,level_2_tag_name,level_2_url
Cars,حراج السيارات,Toyota,تويوتا,https://haraj.com.sa/en/tags/تويوتا,Camry,كامري,https://haraj.com.sa/en/tags/كامري
Cars,حراج السيارات,Toyota,تويوتا,https://haraj.com.sa/en/tags/تويوتا,Land Cruiser,لاندكروزر,https://haraj.com.sa/en/tags/لاندكروزر
Cars,حراج السيارات,Toyota,تويوتا,https://haraj.com.sa/en/tags/تويوتا,Hilux,هايلوكس,https://haraj.com.sa/en/tags/هايلوكس
Cars,حراج السيارات,Toyota,تويوتا,https://haraj.com.sa/en/tags/تويوتا,Corolla,كورولا,https://haraj.com.sa/en/tags/كورولا
Cars,حراج السيارات,Toyota,تويوتا,https://haraj.com.sa/en/tags/تويوتا,Yaris,يارس,https://haraj.com.sa/en/tags/يارس
Cars,حراج السيارات,Toyota,تويوتا,https://haraj.com.sa/en/tags/تويوتا,Bus,باص,https://haraj.com.sa/en/tags/باص
Cars,حراج السيارات,Toyota,تويوتا,https://haraj.com.sa/en/tags/تويوتا,Fortuner,فورتونر,https://haraj.com.sa/en/tags/فورتونر
Cars,حراج السيارات,Toyota,تويوتا,https://haraj.com.sa/en/tags/تويوتا,Land Cruiser 70 Series Pick up,شاص,https://haraj.com.sa/en/tags/شاص
Cars,حراج السيارات,Toyota,تويوتا,https://haraj.com.sa/en/tags/تويوتا,Avalon,افالون,https://haraj.com.sa/en/tags/افالون
Cars,حراج السيارات,Toyota,تويوتا,https://haraj.com.sa/en/tags/تويوتا,Land Cruiser 70 Series,ربع,https://haraj.com.sa/en/tags/ربع
Cars,حراج السيارات,Toyota,تويوتا,https://haraj.com.sa/en/tags/تويوتا,RAV4,راف فور,https://haraj.com.sa/en/tags/راف فور
Cars,حراج السيارات,Toyota,تويوتا,https://haraj.com.sa/en/tags/تويوتا,Land Cruiser Prado,برادو,https://haraj.com.sa/en/tags/برادو
Cars,حراج السيارات,Toyota,تويوتا,https://haraj.com.sa/en/tags/تويوتا,FJ Cruiser,اف جي,https://haraj.com.sa/en/tags/اف جي
Cars,حراج السيارات,Toyota,تويوتا,https://haraj.com.sa/en/tags/تويوتا,Cressida,كرسيدا,https://haraj.com.sa/en/tags/كرسيدا
Cars,حراج السيارات,Toyota,تويوتا,https://haraj.com.sa/en/tags/تويوتا,Innova,اينوفا,https://haraj.com.sa/en/tags/اينوفا
Cars,حراج السيارات,Toyota,تويوتا,https://haraj.com.sa/en/tags/تويوتا,Urban Cruiser,اوربان كروزر,https://haraj.com.sa/en/tags/اوربان كروزر
Cars,حراج السيارات,Toyota,تويوتا,https://haraj.com.sa/en/tags/تويوتا,VELOZ,فيلوز,https://haraj.com.sa/en/tags/فيلوز
Cars,حراج السيارات,Toyota,تويوتا,https://haraj.com.sa/en/tags/تويوتا,Aurion,اوريون,https://haraj.com.sa/en/tags/اوريون
Cars,حراج السيارات,Toyota,تويوتا,https://haraj.com.sa/en/tags/تويوتا,Raize,رايز,https://haraj.com.sa/en/tags/رايز
Cars,حراج السيارات,Toyota,تويوتا,https://haraj.com.sa/en/tags/تويوتا,Sequoia,ساكويا,https://haraj.com.sa/en/tags/ساكويا
Cars,حراج السيارات,Toyota,تويوتا,https://haraj.com.sa/en/tags/تويوتا,Highlander,هايلاندر,https://haraj.com.sa/en/tags/هايلاندر
Cars,حراج السيارات,Toyota,تويوتا,https://haraj.com.sa/en/tags/تويوتا,Crown,كراون,https://haraj.com.sa/en/tags/كراون
Cars,حراج السيارات,Toyota,تويوتا,https://haraj.com.sa/en/tags/تويوتا,Rush,راش,https://haraj.com.sa/en/tags/راش
Cars,حراج السيارات,Toyota,تويوتا,https://haraj.com.sa/en/tags/تويوتا,Avanza,افانزا,https://haraj.com.sa/en/tags/افانزا
Cars,حراج السيارات,Toyota,تويوتا,https://haraj.com.sa/en/tags/تويوتا,Eco,ايكو,https://haraj.com.sa/en/tags/ايكو
Cars,حراج السيارات,Toyota,تويوتا,https://haraj.com.sa/en/tags/تويوتا,Corolla Cross,كورولا كروس,https://haraj.com.sa/en/tags/كورولا كروس
Cars,حراج السيارات,Toyota,تويوتا,https://haraj.com.sa/en/tags/تويوتا,Tundra,تندرا,https://haraj.com.sa/en/tags/تندرا
Cars,حراج السيارات,Toyota,تويوتا,https://haraj.com.sa/en/tags/تويوتا,Previa,بريفيا,https://haraj.com.sa/en/tags/بريفيا
Cars,حراج السيارات,Toyota,تويوتا,https://haraj.com.sa/en/tags/تويوتا,Toyota 86,تويوتا 86,https://haraj.com.sa/en/tags/تويوتا 86
Cars,حراج السيارات,Toyota,تويوتا,https://haraj.com.sa/en/tags/تويوتا,Supra,سوبرا,https://haraj.com.sa/en/tags/سوبرا
Cars,حراج السيارات,Toyota,تويوتا,https://haraj.com.sa/en/tags/تويوتا,XA,XA,https://haraj.com.sa/en/tags/XA
Cars,حراج السيارات,Toyota,تويوتا,https://haraj.com.sa/en/tags/تويوتا,C-HR,C-HR,https://haraj.com.sa/en/tags/C-HR
Cars,حراج السيارات,Toyota,تويوتا,https://haraj.com.sa/en/tags/تويوتا,Prius,بريوس,https://haraj.com.sa/en/tags/بريوس
Cars,حراج السيارات,Toyota,تويوتا,https://haraj.com.sa/en/tags/تويوتا,Granvia,جرانفيا,https://haraj.com.sa/en/tags/جرانفيا
Cars,حراج السيارات,Hyundai,هونداي,https://haraj.com.sa/en/tags/هونداي,Elantra,النترا,https://haraj.com.sa/en/tags/النترا
Cars,حراج السيارات,Hyundai,هونداي,https://haraj.com.sa/en/tags/هونداي,Accent,اكسنت,https://haraj.com.sa/en/tags/اكسنت
Cars,حراج السيارات,Hyundai,هونداي,https://haraj.com.sa/en/tags/هونداي,Sonata,سوناتا,https://haraj.com.sa/en/tags/سوناتا
Cars,حراج السيارات,Hyundai,هونداي,https://haraj.com.sa/en/tags/هونداي,Azera,ازيرا,https://haraj.com.sa/en/tags/ازيرا
Cars,حراج السيارات,Hyundai,هونداي,https://haraj.com.sa/en/tags/هونداي,Tucson,تسكان,https://haraj.com.sa/en/tags/تسكان
Cars,حراج السيارات,Hyundai,هونداي,https://haraj.com.sa/en/tags/هونداي,Sentavi,سنتافي,https://haraj.com.sa/en/tags/سنتافي
Cars,حراج السيارات,Hyundai,هونداي,https://haraj.com.sa/en/tags/هونداي,Hyundai H1,هونداي H1,https://haraj.com.sa/en/tags/هونداي H1
Cars,حراج السيارات,Hyundai,هونداي,https://haraj.com.sa/en/tags/هونداي,Creta,كريتا,https://haraj.com.sa/en/tags/كريتا
Cars,حراج السيارات,Hyundai,هونداي,https://haraj.com.sa/en/tags/هونداي,Kona,كونا,https://haraj.com.sa/en/tags/كونا
Cars,حراج السيارات,Hyundai,هونداي,https://haraj.com.sa/en/tags/هونداي,Staria,ستاريا,https://haraj.com.sa/en/tags/ستاريا
Cars,حراج السيارات,Hyundai,هونداي,https://haraj.com.sa/en/tags/هونداي,Palisade,باليسيد,https://haraj.com.sa/en/tags/باليسيد
Cars,حراج السيارات,Hyundai,هونداي,https://haraj.com.sa/en/tags/هونداي,Venue,فينيو,https://haraj.com.sa/en/tags/فينيو
Cars,حراج السيارات,Hyundai,هونداي,https://haraj.com.sa/en/tags/هونداي,Veloster,فيلوستر,https://haraj.com.sa/en/tags/فيلوستر
Cars,حراج السيارات,Hyundai,هونداي,https://haraj.com.sa/en/tags/هونداي,Stargazer,ستارجيزر,https://haraj.com.sa/en/tags/ستارجيزر
Cars,حراج السيارات,Hyundai,هونداي,https://haraj.com.sa/en/tags/هونداي,Coupe,كوبية,https://haraj.com.sa/en/tags/كوبية
Cars,حراج السيارات,Hyundai,هونداي,https://haraj.com.sa/en/tags/هونداي,i40,i40,https://haraj.com.sa/en/tags/i40
Cars,حراج السيارات,Hyundai,هونداي,https://haraj.com.sa/en/tags/هونداي,Centennial,سنتنيال,https://haraj.com.sa/en/tags/سنتنيال
Cars,حراج السيارات,Hyundai,هونداي,https://haraj.com.sa/en/tags/هونداي,Trajet,تراجيت,https://haraj.com.sa/en/tags/تراجيت
Cars,حراج السيارات,Hyundai,هونداي,https://haraj.com.sa/en/tags/هونداي,Grand Santa Fe,جراند سنتافي,https://haraj.com.sa/en/tags/جراند سنتافي
Cars,حراج السيارات,Hyundai,هونداي,https://haraj.com.sa/en/tags/هونداي,i30,i30,https://haraj.com.sa/en/tags/i30
Cars,حراج السيارات,Hyundai,هونداي,https://haraj.com.sa/en/tags/هونداي,Veracruz,فيراكروز,https://haraj.com.sa/en/tags/فيراكروز
Cars,حراج السيارات,Hyundai,هونداي,https://haraj.com.sa/en/tags/هونداي,Matrix,ماتريكس,https://haraj.com.sa/en/tags/ماتريكس
Cars,حراج السيارات,Hyundai,هونداي,https://haraj.com.sa/en/tags/هونداي,Terracan,تيريكان,https://haraj.com.sa/en/tags/تيريكان
Cars,حراج السيارات,Hyundai,هونداي,https://haraj.com.sa/en/tags/هونداي,Galloper,جالوير,https://haraj.com.sa/en/tags/جالوير
Cars,حراج السيارات,Hyundai,هونداي,https://haraj.com.sa/en/tags/هونداي,IONIQ 5,ايونيك 5,https://haraj.com.sa/en/tags/ايونيك 5
Cars,حراج السيارات,Hyundai,هونداي,https://haraj.com.sa/en/tags/هونداي,IONIQ 6,ايونيك 6,https://haraj.com.sa/en/tags/ايونيك 6
Cars,حراج السيارات,Hyundai,هونداي,https://haraj.com.sa/en/tags/هونداي,i10,i10,https://haraj.com.sa/en/tags/i10
Cars,حراج السيارات,Nissan,نيسان,https://haraj.com.sa/en/tags/نيسان,Patrol,باترول,https://haraj.com.sa/en/tags/باترول
Cars,حراج السيارات,Nissan,نيسان,https://haraj.com.sa/en/tags/نيسان,DDSEN,ددسن,https://haraj.com.sa/en/tags/ددسن
Cars,حراج السيارات,Nissan,نيسان,https://haraj.com.sa/en/tags/نيسان,Sunny,صني,https://haraj.com.sa/en/tags/صني
Cars,حراج السيارات,Nissan,نيسان,https://haraj.com.sa/en/tags/نيسان,Tama,التيما,https://haraj.com.sa/en/tags/التيما
Cars,حراج السيارات,Nissan,نيسان,https://haraj.com.sa/en/tags/نيسان,Maxima,مكسيما,https://haraj.com.sa/en/tags/مكسيما
Cars,حراج السيارات,Nissan,نيسان,https://haraj.com.sa/en/tags/نيسان,Pathfinder,باثفندر,https://haraj.com.sa/en/tags/باثفندر
Cars,حراج السيارات,Nissan,نيسان,https://haraj.com.sa/en/tags/نيسان,Kicks,كيكس,https://haraj.com.sa/en/tags/كيكس
Cars,حراج السيارات,Nissan,نيسان,https://haraj.com.sa/en/tags/نيسان,Xterra,اكستيرا,https://haraj.com.sa/en/tags/اكستيرا
Cars,حراج السيارات,Nissan,نيسان,https://haraj.com.sa/en/tags/نيسان,Navara,نافارا,https://haraj.com.sa/en/tags/نافارا
Cars,حراج السيارات,Nissan,نيسان,https://haraj.com.sa/en/tags/نيسان,Orphan,اورفان,https://haraj.com.sa/en/tags/اورفان
Cars,حراج السيارات,Nissan,نيسان,https://haraj.com.sa/en/tags/نيسان,Sentra,سنترا,https://haraj.com.sa/en/tags/سنترا
Cars,حراج السيارات,Nissan,نيسان,https://haraj.com.sa/en/tags/نيسان,Armada,ارمادا,https://haraj.com.sa/en/tags/ارمادا
Cars,حراج السيارات,Nissan,نيسان,https://haraj.com.sa/en/tags/نيسان,Patrol Safari,باترول سفاري,https://haraj.com.sa/en/tags/باترول سفاري
Cars,حراج السيارات,Nissan,نيسان,https://haraj.com.sa/en/tags/نيسان,Class Z,فئة Z,https://haraj.com.sa/en/tags/فئة Z
Cars,حراج السيارات,Nissan,نيسان,https://haraj.com.sa/en/tags/نيسان,Magnite,ماجنيت,https://haraj.com.sa/en/tags/ماجنيت
Cars,حراج السيارات,Nissan,نيسان,https://haraj.com.sa/en/tags/نيسان,Nissan Shass,نيسان شاص,https://haraj.com.sa/en/tags/نيسان شاص
Cars,حراج السيارات,Nissan,نيسان,https://haraj.com.sa/en/tags/نيسان,Tiida,تيدا,https://haraj.com.sa/en/tags/تيدا
Cars,حراج السيارات,Nissan,نيسان,https://haraj.com.sa/en/tags/نيسان,Skyline,سكاي لاين,https://haraj.com.sa/en/tags/سكاي لاين
Cars,حراج السيارات,Nissan,نيسان,https://haraj.com.sa/en/tags/نيسان,Cedric,سيدرك,https://haraj.com.sa/en/tags/سيدرك
Cars,حراج السيارات,Nissan,نيسان,https://haraj.com.sa/en/tags/نيسان,GTR,GTR,https://haraj.com.sa/en/tags/GTR
Cars,حراج السيارات,Nissan,نيسان,https://haraj.com.sa/en/tags/نيسان,Juke,جوك,https://haraj.com.sa/en/tags/جوك
Cars,حراج السيارات,Nissan,نيسان,https://haraj.com.sa/en/tags/نيسان,Civilian,سليفيان,https://haraj.com.sa/en/tags/سليفيان
Cars,حراج السيارات,Nissan,نيسان,https://haraj.com.sa/en/tags/نيسان,Murano,مورانو,https://haraj.com.sa/en/tags/مورانو
Cars,حراج السيارات,Nissan,نيسان,https://haraj.com.sa/en/tags/نيسان,370Z,370Z,https://haraj.com.sa/en/tags/370Z
Cars,حراج السيارات,Nissan,نيسان,https://haraj.com.sa/en/tags/نيسان,Patrol NISMO,باترول نيسمو,https://haraj.com.sa/en/tags/باترول نيسمو
Cars,حراج السيارات,Nissan,نيسان,https://haraj.com.sa/en/tags/نيسان,Qashqai,قاشقاي,https://haraj.com.sa/en/tags/قاشقاي
Cars,حراج السيارات,Nissan,نيسان,https://haraj.com.sa/en/tags/نيسان,Gloria,جلوريا,https://haraj.com.sa/en/tags/جلوريا
Cars,حراج السيارات,Nissan,نيسان,https://haraj.com.sa/en/tags/نيسان,Terrano,تيرانو,https://haraj.com.sa/en/tags/تيرانو
Cars,حراج السيارات,Nissan,نيسان,https://haraj.com.sa/en/tags/نيسان,Micra,ميكرا,https://haraj.com.sa/en/tags/ميكرا
Cars,حراج السيارات,Nissan,نيسان,https://haraj.com.sa/en/tags/نيسان,Primera,بريميرا,https://haraj.com.sa/en/tags/بريميرا
Cars,حراج السيارات,Nissan,نيسان,https://haraj.com.sa/en/tags/نيسان,X Trail,اكس تريل,https://haraj.com.sa/en/tags/اكس تريل
Cars,حراج السيارات,Ford,فورد,https://haraj.com.sa/en/tags/فورد,Taurus,توروس,https://haraj.com.sa/en/tags/توروس
Cars,حراج السيارات,Ford,فورد,https://haraj.com.sa/en/tags/فورد,Crown Victoria,كراون فكتوريا,https://haraj.com.sa/en/tags/كراون فكتوريا
Cars,حراج السيارات,Ford,فورد,https://haraj.com.sa/en/tags/فورد,Expedition,اكسبيدشن,https://haraj.com.sa/en/tags/اكسبيدشن
Cars,حراج السيارات,Ford,فورد,https://haraj.com.sa/en/tags/فورد,Explorer,اكسبلورر,https://haraj.com.sa/en/tags/اكسبلورر
Cars,حراج السيارات,Ford,فورد,https://haraj.com.sa/en/tags/فورد,Grand Marquis,جراند ماركيز,https://haraj.com.sa/en/tags/جراند ماركيز
Cars,حراج السيارات,Ford,فورد,https://haraj.com.sa/en/tags/فورد,Mustang,موستنج,https://haraj.com.sa/en/tags/موستنج
Cars,حراج السيارات,Ford,فورد,https://haraj.com.sa/en/tags/فورد,f150,f150,https://haraj.com.sa/en/tags/f150
Cars,حراج السيارات,Ford,فورد,https://haraj.com.sa/en/tags/فورد,Territory,تيريتوري,https://haraj.com.sa/en/tags/تيريتوري
Cars,حراج السيارات,Ford,فورد,https://haraj.com.sa/en/tags/فورد,Edge,ايدج,https://haraj.com.sa/en/tags/ايدج
Cars,حراج السيارات,Ford,فورد,https://haraj.com.sa/en/tags/فورد,Ranger,رينجر,https://haraj.com.sa/en/tags/رينجر
Cars,حراج السيارات,Ford,فورد,https://haraj.com.sa/en/tags/فورد,Fusion,فيوجن,https://haraj.com.sa/en/tags/فيوجن
Cars,حراج السيارات,Ford,فورد,https://haraj.com.sa/en/tags/فورد,Flex,فلكس,https://haraj.com.sa/en/tags/فلكس
Cars,حراج السيارات,Ford,فورد,https://haraj.com.sa/en/tags/فورد,Everest,ايفرست,https://haraj.com.sa/en/tags/ايفرست
Cars,حراج السيارات,Ford,فورد,https://haraj.com.sa/en/tags/فورد,Fox,فوكس,https://haraj.com.sa/en/tags/فوكس
Cars,حراج السيارات,Ford,فورد,https://haraj.com.sa/en/tags/فورد,Figo,فيجو,https://haraj.com.sa/en/tags/فيجو
Cars,حراج السيارات,Ford,فورد,https://haraj.com.sa/en/tags/فورد,vans ford,فان فورد,https://haraj.com.sa/en/tags/فان فورد
Cars,حراج السيارات,Ford,فورد,https://haraj.com.sa/en/tags/فورد,Bronco,برونكو,https://haraj.com.sa/en/tags/برونكو
Cars,حراج السيارات,Ford,فورد,https://haraj.com.sa/en/tags/فورد,Ecosport,ايكوسبورت,https://haraj.com.sa/en/tags/إيكوسبورت
Cars,حراج السيارات,Ford,فورد,https://haraj.com.sa/en/tags/فورد,f350,f350,https://haraj.com.sa/en/tags/f350
Cars,حراج السيارات,Ford,فورد,https://haraj.com.sa/en/tags/فورد,Escape,اسكيب,https://haraj.com.sa/en/tags/اسكيب
Cars,حراج السيارات,Ford,فورد,https://haraj.com.sa/en/tags/فورد,f250,f250,https://haraj.com.sa/en/tags/f250
Cars,حراج السيارات,Ford,فورد,https://haraj.com.sa/en/tags/فورد,Pick up,بيك اب,https://haraj.com.sa/en/tags/بيك اب
Cars,حراج السيارات,Ford,فورد,https://haraj.com.sa/en/tags/فورد,X Corgan,اكس كورجن,https://haraj.com.sa/en/tags/اكس كورجن
Cars,حراج السيارات,Ford,فورد,https://haraj.com.sa/en/tags/فورد,Escort,اسكورت,https://haraj.com.sa/en/tags/إسكورت
Cars,حراج السيارات,Ford,فورد,https://haraj.com.sa/en/tags/فورد,Mondeo,مونديو,https://haraj.com.sa/en/tags/مونديو
Cars,حراج السيارات,Ford,فورد,https://haraj.com.sa/en/tags/فورد,Windstar,وندستار,https://haraj.com.sa/en/tags/وندستار
Cars,حراج السيارات,Ford,فورد,https://haraj.com.sa/en/tags/فورد,F450,F450,https://haraj.com.sa/en/tags/F450
Cars,حراج السيارات,Ford,فورد,https://haraj.com.sa/en/tags/فورد,F550,F550,https://haraj.com.sa/en/tags/F550
Cars,حراج السيارات,Ford,فورد,https://haraj.com.sa/en/tags/فورد,Thunderbird,ثندريبرد,https://haraj.com.sa/en/tags/ثندريبرد
Cars,حراج السيارات,Ford,فورد,https://haraj.com.sa/en/tags/فورد,Panther,كوجر,https://haraj.com.sa/en/tags/كوجر
Cars,حراج السيارات,Ford,فورد,https://haraj.com.sa/en/tags/فورد,Splash,سبلاش,https://haraj.com.sa/en/tags/سبلاش
Cars,حراج السيارات,Kia,كيا,https://haraj.com.sa/en/tags/كيا,Sportage,سبورتاج,https://haraj.com.sa/en/tags/سبورتاج
Cars,حراج السيارات,Kia,كيا,https://haraj.com.sa/en/tags/كيا,K5,K5,https://haraj.com.sa/en/tags/K5
Cars,حراج السيارات,Kia,كيا,https://haraj.com.sa/en/tags/كيا,Pegas,بيجاس,https://haraj.com.sa/en/tags/بيجاس
Cars,حراج السيارات,Kia,كيا,https://haraj.com.sa/en/tags/كيا,Cerato,سيراتو,https://haraj.com.sa/en/tags/سيراتو
Cars,حراج السيارات,Kia,كيا,https://haraj.com.sa/en/tags/كيا,Optima,اوبتيما,https://haraj.com.sa/en/tags/اوبتيما
Cars,حراج السيارات,Kia,كيا,https://haraj.com.sa/en/tags/كيا,Cadenza,كادينزا,https://haraj.com.sa/en/tags/كادينزا
Cars,حراج السيارات,Kia,كيا,https://haraj.com.sa/en/tags/كيا,Seltos,سيلتوس,https://haraj.com.sa/en/tags/سيلتوس
Cars,حراج السيارات,Kia,كيا,https://haraj.com.sa/en/tags/كيا,K4,كيا K4,https://haraj.com.sa/en/tags/كيا K4
Cars,حراج السيارات,Kia,كيا,https://haraj.com.sa/en/tags/كيا,Carnival,كارنيفال,https://haraj.com.sa/en/tags/كارنيفال
Cars,حراج السيارات,Kia,كيا,https://haraj.com.sa/en/tags/كيا,Rio,ريو,https://haraj.com.sa/en/tags/ريو
Cars,حراج السيارات,Kia,كيا,https://haraj.com.sa/en/tags/كيا,Sonet,سونيت,https://haraj.com.sa/en/tags/سونيت
Cars,حراج السيارات,Kia,كيا,https://haraj.com.sa/en/tags/كيا,Cairns,كارينز,https://haraj.com.sa/en/tags/كارينز
Cars,حراج السيارات,Kia,كيا,https://haraj.com.sa/en/tags/كيا,K3,كيا K3,https://haraj.com.sa/en/tags/كيا K3
Cars,حراج السيارات,Kia,كيا,https://haraj.com.sa/en/tags/كيا,Sorento,سورنتو,https://haraj.com.sa/en/tags/سورنتو
Cars,حراج السيارات,Kia,كيا,https://haraj.com.sa/en/tags/كيا,K8,K8,https://haraj.com.sa/en/tags/K8
Cars,حراج السيارات,Kia,كيا,https://haraj.com.sa/en/tags/كيا,Picanto,بيكانتو,https://haraj.com.sa/en/tags/بيكانتو
Cars,حراج السيارات,Kia,كيا,https://haraj.com.sa/en/tags/كيا,Telluride,تيلورايد,https://haraj.com.sa/en/tags/تيلورايد
Cars,حراج السيارات,Kia,كيا,https://haraj.com.sa/en/tags/كيا,K900,K900,https://haraj.com.sa/en/tags/K900
Cars,حراج السيارات,Kia,كيا,https://haraj.com.sa/en/tags/كيا,Corres,كوريس,https://haraj.com.sa/en/tags/كوريس
Cars,حراج السيارات,Kia,كيا,https://haraj.com.sa/en/tags/كيا,Opirus,اوبيروس,https://haraj.com.sa/en/tags/اوبيروس
Cars,حراج السيارات,Kia,كيا,https://haraj.com.sa/en/tags/كيا,Stinger,ستينجر,https://haraj.com.sa/en/tags/ستينجر
Cars,حراج السيارات,Kia,كيا,https://haraj.com.sa/en/tags/كيا,Tasman,تاسمان,https://haraj.com.sa/en/tags/تاسمان
Cars,حراج السيارات,Kia,كيا,https://haraj.com.sa/en/tags/كيا,Soul,سول,https://haraj.com.sa/en/tags/سول
Cars,حراج السيارات,Kia,كيا,https://haraj.com.sa/en/tags/كيا,Stonic,ستونيك,https://haraj.com.sa/en/tags/ستونيك
Cars,حراج السيارات,Kia,كيا,https://haraj.com.sa/en/tags/كيا,Niro,نيرو,https://haraj.com.sa/en/tags/نيرو
Cars,حراج السيارات,Kia,كيا,https://haraj.com.sa/en/tags/كيا,Mohave,مو هافي,https://haraj.com.sa/en/tags/مو هافي
Cars,حراج السيارات,Kia,كيا,https://haraj.com.sa/en/tags/كيا,EV9,كيا EV9,https://haraj.com.sa/en/tags/كيا EV9
Cars,حراج السيارات,Kia,كيا,https://haraj.com.sa/en/tags/كيا,Sephia,سيفيا,https://haraj.com.sa/en/tags/سيفيا
Cars,حراج السيارات,Kia,كيا,https://haraj.com.sa/en/tags/كيا,EV5,كيا EV5,https://haraj.com.sa/en/tags/كيا EV5
Cars,حراج السيارات,Chevrolet,شيفروليه,https://haraj.com.sa/en/tags/شيفروليه,Tahoe,تاهو,https://haraj.com.sa/en/tags/تاهو
Cars,حراج السيارات,Chevrolet,شيفروليه,https://haraj.com.sa/en/tags/شيفروليه,Caprice,كابريس,https://haraj.com.sa/en/tags/كابريس
Cars,حراج السيارات,Chevrolet,شيفروليه,https://haraj.com.sa/en/tags/شيفروليه,Malibu,ماليبو,https://haraj.com.sa/en/tags/ماليبو
Cars,حراج السيارات,Chevrolet,شيفروليه,https://haraj.com.sa/en/tags/شيفروليه,Salvador,سلفرادو,https://haraj.com.sa/en/tags/سلفرادو
Cars,حراج السيارات,Chevrolet,شيفروليه,https://haraj.com.sa/en/tags/شيفروليه,Captiva,كابتيفا,https://haraj.com.sa/en/tags/كابتيفا
Cars,حراج السيارات,Chevrolet,شيفروليه,https://haraj.com.sa/en/tags/شيفروليه,Cruze,كروز,https://haraj.com.sa/en/tags/كروز
Cars,حراج السيارات,Chevrolet,شيفروليه,https://haraj.com.sa/en/tags/شيفروليه,Impala,امبالا,https://haraj.com.sa/en/tags/امبالا
Cars,حراج السيارات,Chevrolet,شيفروليه,https://haraj.com.sa/en/tags/شيفروليه,Camaro,كمارو,https://haraj.com.sa/en/tags/كمارو
Cars,حراج السيارات,Chevrolet,شيفروليه,https://haraj.com.sa/en/tags/شيفروليه,Spark,سبارك,https://haraj.com.sa/en/tags/سبارك
Cars,حراج السيارات,Chevrolet,شيفروليه,https://haraj.com.sa/en/tags/شيفروليه,Traverse,ترافيرس,https://haraj.com.sa/en/tags/ترافيرس
Cars,حراج السيارات,Chevrolet,شيفروليه,https://haraj.com.sa/en/tags/شيفروليه,Blazer,بليزر,https://haraj.com.sa/en/tags/بليزر
Cars,حراج السيارات,Chevrolet,شيفروليه,https://haraj.com.sa/en/tags/شيفروليه,Corvette,كورفيت,https://haraj.com.sa/en/tags/كورفيت
Cars,حراج السيارات,Chevrolet,شيفروليه,https://haraj.com.sa/en/tags/شيفروليه,Lumina,لومينا,https://haraj.com.sa/en/tags/لومينا
Cars,حراج السيارات,Chevrolet,شيفروليه,https://haraj.com.sa/en/tags/شيفروليه,Aveo,افيو,https://haraj.com.sa/en/tags/افيو
Cars,حراج السيارات,Chevrolet,شيفروليه,https://haraj.com.sa/en/tags/شيفروليه,Groove,جروف,https://haraj.com.sa/en/tags/جروف
Cars,حراج السيارات,Chevrolet,شيفروليه,https://haraj.com.sa/en/tags/شيفروليه,Caravan,كرفان,https://haraj.com.sa/en/tags/كرفان
Cars,حراج السيارات,Chevrolet,شيفروليه,https://haraj.com.sa/en/tags/شيفروليه,Optra,اوبترا,https://haraj.com.sa/en/tags/اوبترا
Cars,حراج السيارات,Chevrolet,شيفروليه,https://haraj.com.sa/en/tags/شيفروليه,Epica,ابيكا,https://haraj.com.sa/en/tags/ابيكا
Cars,حراج السيارات,Chevrolet,شيفروليه,https://haraj.com.sa/en/tags/شيفروليه,Avalanche,افلانش,https://haraj.com.sa/en/tags/افلانش
Cars,حراج السيارات,Chevrolet,شيفروليه,https://haraj.com.sa/en/tags/شيفروليه,Sonic,سونيك,https://haraj.com.sa/en/tags/سونيك
Cars,حراج السيارات,Chevrolet,شيفروليه,https://haraj.com.sa/en/tags/شيفروليه,Trail Blazer,تريل بليزر,https://haraj.com.sa/en/tags/تريل بليزر
Cars,حراج السيارات,Chevrolet,شيفروليه,https://haraj.com.sa/en/tags/شيفروليه,Colorado,كولورادو,https://haraj.com.sa/en/tags/كولورادو
Cars,حراج السيارات,Chevrolet,شيفروليه,https://haraj.com.sa/en/tags/شيفروليه,Equinox,اكوينوكس,https://haraj.com.sa/en/tags/اكوينوكس
Cars,حراج السيارات,Chevrolet,شيفروليه,https://haraj.com.sa/en/tags/شيفروليه,Uplander,ابلاندر,https://haraj.com.sa/en/tags/ابلاندر
Cars,حراج السيارات,Chevrolet,شيفروليه,https://haraj.com.sa/en/tags/شيفروليه,Express Van,اكسبرس فان,https://haraj.com.sa/en/tags/اكسبرس فان
Cars,حراج السيارات,Chevrolet,شيفروليه,https://haraj.com.sa/en/tags/شيفروليه,Bolt,بولت,https://haraj.com.sa/en/tags/بولت
Cars,حراج السيارات,Chevrolet,شيفروليه,https://haraj.com.sa/en/tags/شيفروليه,Trax,تراكس,https://haraj.com.sa/en/tags/تراكس
Cars,حراج السيارات,Chevrolet,شيفروليه,https://haraj.com.sa/en/tags/شيفروليه,فنشر,فنشر,https://haraj.com.sa/en/tags/فنشر
Cars,حراج السيارات,Chevrolet,شيفروليه,https://haraj.com.sa/en/tags/شيفروليه,جي فان,جي فان,https://haraj.com.sa/en/tags/جي فان
Cars,حراج السيارات,Chevrolet,شيفروليه,https://haraj.com.sa/en/tags/شيفروليه,Astro Van,استروفان,https://haraj.com.sa/en/tags/استروفان
Cars,حراج السيارات,Chevrolet,شيفروليه,https://haraj.com.sa/en/tags/شيفروليه,Suburban,سوبربان,https://haraj.com.sa/en/tags/سوبربان
Cars,حراج السيارات,Chevrolet,شيفروليه,https://haraj.com.sa/en/tags/شيفروليه,فان,فان,https://haraj.com.sa/en/tags/فان
Cars,حراج السيارات,Chevrolet,شيفروليه,https://haraj.com.sa/en/tags/شيفروليه,Cavalier,كافالير,https://haraj.com.sa/en/tags/كافالير
Cars,حراج السيارات,Lexus,لكزس,https://haraj.com.sa/en/tags/لكزس,ES,ES,https://haraj.com.sa/en/tags/ES
Cars,حراج السيارات,Lexus,لكزس,https://haraj.com.sa/en/tags/لكزس,LX,LX,https://haraj.com.sa/en/tags/LX
Cars,حراج السيارات,Lexus,لكزس,https://haraj.com.sa/en/tags/لكزس,LS,LS,https://haraj.com.sa/en/tags/LS
Cars,حراج السيارات,Lexus,لكزس,https://haraj.com.sa/en/tags/لكزس,GS,GS,https://haraj.com.sa/en/tags/GS
Cars,حراج السيارات,Lexus,لكزس,https://haraj.com.sa/en/tags/لكزس,RX,RX,https://haraj.com.sa/en/tags/RX
Cars,حراج السيارات,Lexus,لكزس,https://haraj.com.sa/en/tags/لكزس,IS,IS,https://haraj.com.sa/en/tags/IS
Cars,حراج السيارات,Lexus,لكزس,https://haraj.com.sa/en/tags/لكزس,NX,NX,https://haraj.com.sa/en/tags/NX
Cars,حراج السيارات,Lexus,لكزس,https://haraj.com.sa/en/tags/لكزس,GX,GX,https://haraj.com.sa/en/tags/GX
Cars,حراج السيارات,Lexus,لكزس,https://haraj.com.sa/en/tags/لكزس,UX,UX,https://haraj.com.sa/en/tags/UX
Cars,حراج السيارات,Lexus,لكزس,https://haraj.com.sa/en/tags/لكزس,RC,RC,https://haraj.com.sa/en/tags/RC
Cars,حراج السيارات,Lexus,لكزس,https://haraj.com.sa/en/tags/لكزس,SC,SC,https://haraj.com.sa/en/tags/SC
Cars,حراج السيارات,Lexus,لكزس,https://haraj.com.sa/en/tags/لكزس,LC,LC,https://haraj.com.sa/en/tags/LC
Cars,حراج السيارات,Lexus,لكزس,https://haraj.com.sa/en/tags/لكزس,RCF,RCF,https://haraj.com.sa/en/tags/RCF
Cars,حراج السيارات,Lexus,لكزس,https://haraj.com.sa/en/tags/لكزس,GSF,GSF,https://haraj.com.sa/en/tags/GSF
Cars,حراج السيارات,Parts & Accessories,قطع غيار وملحقات,https://haraj.com.sa/en/tags/قطع غيار وملحقات,Spare parts,قطع غيار,https://haraj.com.sa/en/tags/قطع غيار
Cars,حراج السيارات,Parts & Accessories,قطع غيار وملحقات,https://haraj.com.sa/en/tags/قطع غيار وملحقات,Rounds,جنوط,https://haraj.com.sa/en/tags/جنوط
Cars,حراج السيارات,Parts & Accessories,قطع غيار وملحقات,https://haraj.com.sa/en/tags/قطع غيار وملحقات,Special panel,لوحة مميزه,https://haraj.com.sa/en/tags/لوحة مميزه
Cars,حراج السيارات,Parts & Accessories,قطع غيار وملحقات,https://haraj.com.sa/en/tags/قطع غيار وملحقات,Monitor,شاشه,https://haraj.com.sa/en/tags/شاشه
Cars,حراج السيارات,Parts & Accessories,قطع غيار وملحقات,https://haraj.com.sa/en/tags/قطع غيار وملحقات,Registered,مسجل,https://haraj.com.sa/en/tags/مسجل
Cars,حراج السيارات,Parts & Accessories,قطع غيار وملحقات,https://haraj.com.sa/en/tags/قطع غيار وملحقات,Car inspection services,خدمات فحص السيارات,https://haraj.com.sa/en/tags/خدمات فحص السيارات
Cars,حراج السيارات,Trucks and heavy equipment,شاحنات ومعدات ثقيلة,https://haraj.com.sa/en/tags/شاحنات ومعدات ثقيلة,Heavy Equipment,معدات ثقيلة,https://haraj.com.sa/en/tags/معدات ثقيلة
Cars,حراج السيارات,Trucks and heavy equipment,شاحنات ومعدات ثقيلة,https://haraj.com.sa/en/tags/شاحنات ومعدات ثقيلة,Mercedes Truck,شاحنة مرسيدس,https://haraj.com.sa/en/tags/شاحنة مرسيدس
Cars,حراج السيارات,Trucks and heavy equipment,شاحنات ومعدات ثقيلة,https://haraj.com.sa/en/tags/شاحنات ومعدات ثقيلة,Crane,رافعة,https://haraj.com.sa/en/tags/رافعة
Cars,حراج السيارات,Trucks and heavy equipment,شاحنات ومعدات ثقيلة,https://haraj.com.sa/en/tags/شاحنات ومعدات ثقيلة,Tipper,قلاب,https://haraj.com.sa/en/tags/قلاب
Cars,حراج السيارات,Trucks and heavy equipment,شاحنات ومعدات ثقيلة,https://haraj.com.sa/en/tags/شاحنات ومعدات ثقيلة,Crane,كرين,https://haraj.com.sa/en/tags/كرين
Cars,حراج السيارات,Trucks and heavy equipment,شاحنات ومعدات ثقيلة,https://haraj.com.sa/en/tags/شاحنات ومعدات ثقيلة,Shiol,شيول,https://haraj.com.sa/en/tags/شيول
Cars,حراج السيارات,Trucks and heavy equipment,شاحنات ومعدات ثقيلة,https://haraj.com.sa/en/tags/شاحنات ومعدات ثقيلة,Poclain,بوكلين,https://haraj.com.sa/en/tags/بوكلين
Cars,حراج السيارات,Trucks and heavy equipment,شاحنات ومعدات ثقيلة,https://haraj.com.sa/en/tags/شاحنات ومعدات ثقيلة,Car Carrier,سطحه,https://haraj.com.sa/en/tags/سطحه
Cars,حراج السيارات,Trucks and heavy equipment,شاحنات ومعدات ثقيلة,https://haraj.com.sa/en/tags/شاحنات ومعدات ثقيلة,Food Truck,فود ترك,https://haraj.com.sa/en/tags/فود ترك
Cars,حراج السيارات,Trucks and heavy equipment,شاحنات ومعدات ثقيلة,https://haraj.com.sa/en/tags/شاحنات ومعدات ثقيلة,Agricultural equipment,معدات زراعية,https://haraj.com.sa/en/tags/معدات زراعية
Cars,حراج السيارات,Trucks and heavy equipment,شاحنات ومعدات ثقيلة,https://haraj.com.sa/en/tags/شاحنات ومعدات ثقيلة,Bulldozer,بلدوزر,https://haraj.com.sa/en/tags/بلدوزر
Cars,حراج السيارات,Trucks and heavy equipment,شاحنات ومعدات ثقيلة,https://haraj.com.sa/en/tags/شاحنات ومعدات ثقيلة,Volvo Trucks,شاحنة فولفو,https://haraj.com.sa/en/tags/شاحنة فولفو
Cars,حراج السيارات,Trucks and heavy equipment,شاحنات ومعدات ثقيلة,https://haraj.com.sa/en/tags/شاحنات ومعدات ثقيلة,Crusher,كسارة,https://haraj.com.sa/en/tags/كسارة
Cars,حراج السيارات,Trucks and heavy equipment,شاحنات ومعدات ثقيلة,https://haraj.com.sa/en/tags/شاحنات ومعدات ثقيلة,MAN Truck,شاحنة مان,https://haraj.com.sa/en/tags/شاحنة مان
Cars,حراج السيارات,Trucks and heavy equipment,شاحنات ومعدات ثقيلة,https://haraj.com.sa/en/tags/شاحنات ومعدات ثقيلة,Hino Truck,شاحنة هينو,https://haraj.com.sa/en/tags/شاحنة هينو
Cars,حراج السيارات,Trucks and heavy equipment,شاحنات ومعدات ثقيلة,https://haraj.com.sa/en/tags/شاحنات ومعدات ثقيلة,Scania Trucks,شاحنة سكانيا,https://haraj.com.sa/en/tags/شاحنة سكانيا
Cars,حراج السيارات,Trucks and heavy equipment,شاحنات ومعدات ثقيلة,https://haraj.com.sa/en/tags/شاحنات ومعدات ثقيلة,Caravan,كارافان,https://haraj.com.sa/en/tags/كارافان
Cars,حراج السيارات,Motorcycles,دبابات,https://haraj.com.sa/en/tags/دبابات,Suzuki,دباب سوزوكي,https://haraj.com.sa/en/tags/دباب سوزوكي
Cars,حراج السيارات,Motorcycles,دبابات,https://haraj.com.sa/en/tags/دبابات,Chinese Motorcycle,دباب صيني,https://haraj.com.sa/en/tags/دباب صيني
Cars,حراج السيارات,Motorcycles,دبابات,https://haraj.com.sa/en/tags/دبابات,Honda Motorcycles,دباب هوندا,https://haraj.com.sa/en/tags/دباب هوندا
Cars,حراج السيارات,Motorcycles,دبابات,https://haraj.com.sa/en/tags/دبابات,Yamaha Motorcycles,دباب ياماها,https://haraj.com.sa/en/tags/دباب ياماها
Cars,حراج السيارات,Motorcycles,دبابات,https://haraj.com.sa/en/tags/دبابات,Harley Motorcycles,دباب هارلي,https://haraj.com.sa/en/tags/دباب هارلي
Cars,حراج السيارات,Motorcycles,دبابات,https://haraj.com.sa/en/tags/دبابات,Ram's Motorcycles,دباب رام,https://haraj.com.sa/en/tags/دباب رام
Cars,حراج السيارات,Motorcycles,دبابات,https://haraj.com.sa/en/tags/دبابات,BMW Motorcycle,دباب BMW,https://haraj.com.sa/en/tags/دباب BMW
Cars,حراج السيارات,Motorcycles,دبابات,https://haraj.com.sa/en/tags/دبابات,Kuzaki Motorcycles,دباب كوزاكي,https://haraj.com.sa/en/tags/دباب كوزاكي
Cars,حراج السيارات,Motorcycles,دبابات,https://haraj.com.sa/en/tags/دبابات,Haojue Motorcycle,دباب هاوجو,https://haraj.com.sa/en/tags/دباب هاوجو
Cars,حراج السيارات,Motorcycles,دبابات,https://haraj.com.sa/en/tags/دبابات,Jet Ski,دباب بحري,https://haraj.com.sa/en/tags/دباب بحري
Cars,حراج السيارات,Motorcycles,دبابات,https://haraj.com.sa/en/tags/دبابات,Buggy Car,دباب بقي,https://haraj.com.sa/en/tags/دباب بقي
Cars,حراج السيارات,Motorcycles,دبابات,https://haraj.com.sa/en/tags/دبابات,can am,دباب كانام,https://haraj.com.sa/en/tags/دباب كانام
Cars,حراج السيارات,Motorcycles,دبابات,https://haraj.com.sa/en/tags/دبابات,indian Motorcycle,دباب انديان,https://haraj.com.sa/en/tags/دباب انديان
Cars,حراج السيارات,Motorcycles,دبابات,https://haraj.com.sa/en/tags/دبابات,Polaris Bike,دباب بولاريس,https://haraj.com.sa/en/tags/دباب بولاريس
Cars,حراج السيارات,Motorcycles,دبابات,https://haraj.com.sa/en/tags/دبابات,KTM Motorcycles,دباب KTM,https://haraj.com.sa/en/tags/دباب KTM
Cars,حراج السيارات,Motorcycles,دبابات,https://haraj.com.sa/en/tags/دبابات,CFMOTO,دباب سي اف موتو,https://haraj.com.sa/en/tags/دباب سي اف موتو
Cars,حراج السيارات,Motorcycles,دبابات,https://haraj.com.sa/en/tags/دبابات,Ducati,دباب دوكاتي,https://haraj.com.sa/en/tags/دباب دوكاتي
Cars,حراج السيارات,Motorcycles,دبابات,https://haraj.com.sa/en/tags/دبابات,Karting,كارتنج,https://haraj.com.sa/en/tags/كارتنج
Cars,حراج السيارات,Mercedes,مرسيدس,https://haraj.com.sa/en/tags/مرسيدس,S,S,https://haraj.com.sa/en/tags/S
Cars,حراج السيارات,Mercedes,مرسيدس,https://haraj.com.sa/en/tags/مرسيدس,E,E,https://haraj.com.sa/en/tags/E
Cars,حراج السيارات,Mercedes,مرسيدس,https://haraj.com.sa/en/tags/مرسيدس,C,C,https://haraj.com.sa/en/tags/C
Cars,حراج السيارات,Mercedes,مرسيدس,https://haraj.com.sa/en/tags/مرسيدس,Mercedes-Benz G,مرسيدس G,https://haraj.com.sa/en/tags/مرسيدس G
Cars,حراج السيارات,Mercedes,مرسيدس,https://haraj.com.sa/en/tags/مرسيدس,SEL,SEL,https://haraj.com.sa/en/tags/SEL
Cars,حراج السيارات,Mercedes,مرسيدس,https://haraj.com.sa/en/tags/مرسيدس,GLC,GLC,https://haraj.com.sa/en/tags/GLC
Cars,حراج السيارات,Mercedes,مرسيدس,https://haraj.com.sa/en/tags/مرسيدس,GLE,GLE,https://haraj.com.sa/en/tags/GLE
Cars,حراج السيارات,Mercedes,مرسيدس,https://haraj.com.sa/en/tags/مرسيدس,AMG,AMG,https://haraj.com.sa/en/tags/AMG
Cars,حراج السيارات,Mercedes,مرسيدس,https://haraj.com.sa/en/tags/مرسيدس,CLS,CLS,https://haraj.com.sa/en/tags/CLS
Cars,حراج السيارات,Mercedes,مرسيدس,https://haraj.com.sa/en/tags/مرسيدس,CLA,CLA,https://haraj.com.sa/en/tags/CLA
Cars,حراج السيارات,Mercedes,مرسيدس,https://haraj.com.sa/en/tags/مرسيدس,A-Class,الفئة A,https://haraj.com.sa/en/tags/الفئة A
Cars,حراج السيارات,Mercedes,مرسيدس,https://haraj.com.sa/en/tags/مرسيدس,CLE,مرسيدس CLE,https://haraj.com.sa/en/tags/مرسيدس CLE
Cars,حراج السيارات,Mercedes,مرسيدس,https://haraj.com.sa/en/tags/مرسيدس,SL,SL,https://haraj.com.sa/en/tags/SL
Cars,حراج السيارات,Mercedes,مرسيدس,https://haraj.com.sa/en/tags/مرسيدس,ML,ML,https://haraj.com.sa/en/tags/ML
Cars,حراج السيارات,Mercedes,مرسيدس,https://haraj.com.sa/en/tags/مرسيدس,GT,GT مرسيدس,https://haraj.com.sa/en/tags/GT مرسيدس
Cars,حراج السيارات,Mercedes,مرسيدس,https://haraj.com.sa/en/tags/مرسيدس,SE,SE,https://haraj.com.sa/en/tags/SE
Cars,حراج السيارات,Mercedes,مرسيدس,https://haraj.com.sa/en/tags/مرسيدس,GLS,GLS,https://haraj.com.sa/en/tags/GLS
Cars,حراج السيارات,Mercedes,مرسيدس,https://haraj.com.sa/en/tags/مرسيدس,CL,CL,https://haraj.com.sa/en/tags/CL
Cars,حراج السيارات,Mercedes,مرسيدس,https://haraj.com.sa/en/tags/مرسيدس,Van Sprinter,فان سبرنتر,https://haraj.com.sa/en/tags/فان سبرنتر
Cars,حراج السيارات,Mercedes,مرسيدس,https://haraj.com.sa/en/tags/مرسيدس,Maybach,مايباخ,https://haraj.com.sa/en/tags/مايباخ
Cars,حراج السيارات,Mercedes,مرسيدس,https://haraj.com.sa/en/tags/مرسيدس,V-Class,الفئة V,https://haraj.com.sa/en/tags/الفئة V
Cars,حراج السيارات,Mercedes,مرسيدس,https://haraj.com.sa/en/tags/مرسيدس,GL,GL,https://haraj.com.sa/en/tags/GL
Cars,حراج السيارات,Mercedes,مرسيدس,https://haraj.com.sa/en/tags/مرسيدس,GLA,GLA,https://haraj.com.sa/en/tags/GLA
Cars,حراج السيارات,Mercedes,مرسيدس,https://haraj.com.sa/en/tags/مرسيدس,GLB,GLB,https://haraj.com.sa/en/tags/GLB
Cars,حراج السيارات,Mercedes,مرسيدس,https://haraj.com.sa/en/tags/مرسيدس,R,R,https://haraj.com.sa/en/tags/R
Cars,حراج السيارات,Mercedes,مرسيدس,https://haraj.com.sa/en/tags/مرسيدس,CLK,CLK,https://haraj.com.sa/en/tags/CLK
Cars,حراج السيارات,Mercedes,مرسيدس,https://haraj.com.sa/en/tags/مرسيدس,GTS,GTS,https://haraj.com.sa/en/tags/GTS
Cars,حراج السيارات,Mercedes,مرسيدس,https://haraj.com.sa/en/tags/مرسيدس,SLK,SLK,https://haraj.com.sa/en/tags/SLK
Cars,حراج السيارات,Mercedes,مرسيدس,https://haraj.com.sa/en/tags/مرسيدس,GLK,GLK,https://haraj.com.sa/en/tags/GLK
Cars,حراج السيارات,Mercedes,مرسيدس,https://haraj.com.sa/en/tags/مرسيدس,B,B,https://haraj.com.sa/en/tags/B
Cars,حراج السيارات,Mercedes,مرسيدس,https://haraj.com.sa/en/tags/مرسيدس,SEC,SEC,https://haraj.com.sa/en/tags/SEC
Cars,حراج السيارات,Mercedes,مرسيدس,https://haraj.com.sa/en/tags/مرسيدس,SLC,SLC,https://haraj.com.sa/en/tags/SLC
Cars,حراج السيارات,Mercedes,مرسيدس,https://haraj.com.sa/en/tags/مرسيدس,EQS,EQS,https://haraj.com.sa/en/tags/EQS
Cars,حراج السيارات,Mercedes,مرسيدس,https://haraj.com.sa/en/tags/مرسيدس,EQE,EQE,https://haraj.com.sa/en/tags/EQE
Cars,حراج السيارات,Mercedes,مرسيدس,https://haraj.com.sa/en/tags/مرسيدس,EQB,EQB,https://haraj.com.sa/en/tags/EQB
Cars,حراج السيارات,Mercedes,مرسيدس,https://haraj.com.sa/en/tags/مرسيدس,EQA,EQA,https://haraj.com.sa/en/tags/EQA
Cars,حراج السيارات,GMC,جي ام سي,https://haraj.com.sa/en/tags/جي ام سي,Yukon,يوكن,https://haraj.com.sa/en/tags/يوكن
Cars,حراج السيارات,GMC,جي ام سي,https://haraj.com.sa/en/tags/جي ام سي,Sierra,سييرا,https://haraj.com.sa/en/tags/سييرا
Cars,حراج السيارات,GMC,جي ام سي,https://haraj.com.sa/en/tags/جي ام سي,Acadia,اكاديا,https://haraj.com.sa/en/tags/اكاديا
Cars,حراج السيارات,GMC,جي ام سي,https://haraj.com.sa/en/tags/جي ام سي,Pick up,بيك اب,https://haraj.com.sa/en/tags/بيك أب
Cars,حراج السيارات,GMC,جي ام سي,https://haraj.com.sa/en/tags/جي ام سي,Savana,سافانا,https://haraj.com.sa/en/tags/سافانا
Cars,حراج السيارات,GMC,جي ام سي,https://haraj.com.sa/en/tags/جي ام سي,Terrain,تيرين,https://haraj.com.sa/en/tags/تيرين
Cars,حراج السيارات,GMC,جي ام سي,https://haraj.com.sa/en/tags/جي ام سي,Envoy,انفوي,https://haraj.com.sa/en/tags/انفوي
Cars,حراج السيارات,GMC,جي ام سي,https://haraj.com.sa/en/tags/جي ام سي,Safari,سفاري,https://haraj.com.sa/en/tags/سفاري
Cars,حراج السيارات,GMC,جي ام سي,https://haraj.com.sa/en/tags/جي ام سي,Jimmy,جيمي,https://haraj.com.sa/en/tags/جيمي
Cars,حراج السيارات,GMC,جي ام سي,https://haraj.com.sa/en/tags/جي ام سي,Canyon,كانيون,https://haraj.com.sa/en/tags/كانيون
Cars,حراج السيارات,GMC,جي ام سي,https://haraj.com.sa/en/tags/جي ام سي,Superban,سوبربان,https://haraj.com.sa/en/tags/سوبربان
Cars,حراج السيارات,GMC,جي ام سي,https://haraj.com.sa/en/tags/جي ام سي,Van,فان,https://haraj.com.sa/en/tags/فان
Cars,حراج السيارات,Honda,هوندا,https://haraj.com.sa/en/tags/هوندا,Accord,اكورد,https://haraj.com.sa/en/tags/اكورد
Cars,حراج السيارات,Honda,هوندا,https://haraj.com.sa/en/tags/هوندا,Civic,سيفيك,https://haraj.com.sa/en/tags/سيفيك
Cars,حراج السيارات,Honda,هوندا,https://haraj.com.sa/en/tags/هوندا,Odyssey,اوديسي,https://haraj.com.sa/en/tags/اوديسي
Cars,حراج السيارات,Honda,هوندا,https://haraj.com.sa/en/tags/هوندا,City,سيتي,https://haraj.com.sa/en/tags/سيتي
Cars,حراج السيارات,Honda,هوندا,https://haraj.com.sa/en/tags/هوندا,HRV,HRV,https://haraj.com.sa/en/tags/HRV
Cars,حراج السيارات,Honda,هوندا,https://haraj.com.sa/en/tags/هوندا,CRV,CRV,https://haraj.com.sa/en/tags/CRV
Cars,حراج السيارات,Honda,هوندا,https://haraj.com.sa/en/tags/هوندا,Baylott,بايلوت,https://haraj.com.sa/en/tags/بايلوت
Cars,حراج السيارات,Honda,هوندا,https://haraj.com.sa/en/tags/هوندا,ZRV,ZRV,https://haraj.com.sa/en/tags/ZRV
Cars,حراج السيارات,Honda,هوندا,https://haraj.com.sa/en/tags/هوندا,Legends,ليجيند,https://haraj.com.sa/en/tags/ليجيند
Cars,حراج السيارات,Honda,هوندا,https://haraj.com.sa/en/tags/هوندا,Integra,انتيجرا,https://haraj.com.sa/en/tags/انتيجرا
Cars,حراج السيارات,Honda,هوندا,https://haraj.com.sa/en/tags/هوندا,Brielle,بريليود,https://haraj.com.sa/en/tags/بريليود
Cars,حراج السيارات,Honda,هوندا,https://haraj.com.sa/en/tags/هوندا,Civic TypeR,سيفيك تايب ار,https://haraj.com.sa/en/tags/سيفيك تايب ار
Cars,حراج السيارات,Isuzu,ايسوزو,https://haraj.com.sa/en/tags/ايسوزو,Discovery,اسندر,https://haraj.com.sa/en/tags/اسندر
Cars,حراج السيارات,Isuzu,ايسوزو,https://haraj.com.sa/en/tags/ايسوزو,D'Max,ديماكس,https://haraj.com.sa/en/tags/ديماكس
Cars,حراج السيارات,Isuzu,ايسوزو,https://haraj.com.sa/en/tags/ايسوزو,MUX,MUX,https://haraj.com.sa/en/tags/MUX
Cars,حراج السيارات,BMW,بي ام دبليو,https://haraj.com.sa/en/tags/بي ام دبليو,Series VII,الفئة السابعة,https://haraj.com.sa/en/tags/الفئة السابعة
Cars,حراج السيارات,BMW,بي ام دبليو,https://haraj.com.sa/en/tags/بي ام دبليو,Fifth Series,الفئة الخامسة,https://haraj.com.sa/en/tags/الفئة الخامسة
Cars,حراج السيارات,BMW,بي ام دبليو,https://haraj.com.sa/en/tags/بي ام دبليو,Series X,الفئة X,https://haraj.com.sa/en/tags/الفئة X
Cars,حراج السيارات,BMW,بي ام دبليو,https://haraj.com.sa/en/tags/بي ام دبليو,Mini Cooper,ميني كوبر,https://haraj.com.sa/en/tags/ميني كوبر
Cars,حراج السيارات,BMW,بي ام دبليو,https://haraj.com.sa/en/tags/بي ام دبليو,Series M,الفئة M,https://haraj.com.sa/en/tags/الفئة M
Cars,حراج السيارات,BMW,بي ام دبليو,https://haraj.com.sa/en/tags/بي ام دبليو,Series III,الفئة الثالثة,https://haraj.com.sa/en/tags/الفئة الثالثة
Cars,حراج السيارات,BMW,بي ام دبليو,https://haraj.com.sa/en/tags/بي ام دبليو,Series 4,الفئة الرابعة,https://haraj.com.sa/en/tags/الفئة الرابعة
Cars,حراج السيارات,BMW,بي ام دبليو,https://haraj.com.sa/en/tags/بي ام دبليو,Series VI,الفئة السادسة,https://haraj.com.sa/en/tags/الفئة السادسة
Cars,حراج السيارات,BMW,بي ام دبليو,https://haraj.com.sa/en/tags/بي ام دبليو,Series 8,الفئة الثامنة,https://haraj.com.sa/en/tags/الفئة الثامنة
Cars,حراج السيارات,BMW,بي ام دبليو,https://haraj.com.sa/en/tags/بي ام دبليو,Series 2,الفئة الثانية,https://haraj.com.sa/en/tags/الفئة الثانية
Cars,حراج السيارات,BMW,بي ام دبليو,https://haraj.com.sa/en/tags/بي ام دبليو,Series Z,الفئة Z,https://haraj.com.sa/en/tags/الفئة Z
Cars,حراج السيارات,BMW,بي ام دبليو,https://haraj.com.sa/en/tags/بي ام دبليو,Series i,الفئة i,https://haraj.com.sa/en/tags/الفئة i
Cars,حراج السيارات,BMW,بي ام دبليو,https://haraj.com.sa/en/tags/بي ام دبليو,Series 1st,الفئة الاولي,https://haraj.com.sa/en/tags/الفئة الأولى
Cars,حراج السيارات,Dodge,دودج,https://haraj.com.sa/en/tags/دودج,Charger,تشارجر,https://haraj.com.sa/en/tags/تشارجر
Cars,حراج السيارات,Dodge,دودج,https://haraj.com.sa/en/tags/دودج,Archer,رام,https://haraj.com.sa/en/tags/رام
Cars,حراج السيارات,Dodge,دودج,https://haraj.com.sa/en/tags/دودج,Durango,دورانجو,https://haraj.com.sa/en/tags/دورانجو
Cars,حراج السيارات,Dodge,دودج,https://haraj.com.sa/en/tags/دودج,Gallinger,جالينجر,https://haraj.com.sa/en/tags/جالينجر
Cars,حراج السيارات,Dodge,دودج,https://haraj.com.sa/en/tags/دودج,Neon,نيون,https://haraj.com.sa/en/tags/نيون
Cars,حراج السيارات,Dodge,دودج,https://haraj.com.sa/en/tags/دودج,Fiber,فيبر,https://haraj.com.sa/en/tags/فيبر
Cars,حراج السيارات,Dodge,دودج,https://haraj.com.sa/en/tags/دودج,Nitro,نيترو,https://haraj.com.sa/en/tags/نيترو
Cars,حراج السيارات,Dodge,دودج,https://haraj.com.sa/en/tags/دودج,Dodge Pickup,دودج بيك اب,https://haraj.com.sa/en/tags/دودج بيك أب
Cars,حراج السيارات,Dodge,دودج,https://haraj.com.sa/en/tags/دودج,Caliber,كاليبير,https://haraj.com.sa/en/tags/كاليبير
Cars,حراج السيارات,Dodge,دودج,https://haraj.com.sa/en/tags/دودج,Voyager,فوياجر,https://haraj.com.sa/en/tags/فوياجر
Cars,حراج السيارات,Dodge,دودج,https://haraj.com.sa/en/tags/دودج,Interpid,انتربيد,https://haraj.com.sa/en/tags/انتربيد
Cars,حراج السيارات,Dodge,دودج,https://haraj.com.sa/en/tags/دودج,Caravan,كارافان,https://haraj.com.sa/en/tags/كارافان
Cars,حراج السيارات,Mazda,مازدا,https://haraj.com.sa/en/tags/مازدا,Mazda 6,مازدا 6,https://haraj.com.sa/en/tags/مازدا 6
Cars,حراج السيارات,Mazda,مازدا,https://haraj.com.sa/en/tags/مازدا,CX9,CX9,https://haraj.com.sa/en/tags/CX9
Cars,حراج السيارات,Mazda,مازدا,https://haraj.com.sa/en/tags/مازدا,Mazda 3,مازدا 3,https://haraj.com.sa/en/tags/مازدا 3
Cars,حراج السيارات,Mazda,مازدا,https://haraj.com.sa/en/tags/مازدا,CX5,CX5,https://haraj.com.sa/en/tags/CX5
Cars,حراج السيارات,Mazda,مازدا,https://haraj.com.sa/en/tags/مازدا,CX30,CX30,https://haraj.com.sa/en/tags/CX30
Cars,حراج السيارات,Mazda,مازدا,https://haraj.com.sa/en/tags/مازدا,CX90,CX90,https://haraj.com.sa/en/tags/CX90
Cars,حراج السيارات,Mazda,مازدا,https://haraj.com.sa/en/tags/مازدا,CX3,CX3,https://haraj.com.sa/en/tags/CX3
Cars,حراج السيارات,Mazda,مازدا,https://haraj.com.sa/en/tags/مازدا,Mazda 2,مازدا 2,https://haraj.com.sa/en/tags/مازدا 2
Cars,حراج السيارات,Mazda,مازدا,https://haraj.com.sa/en/tags/مازدا,CX60,CX60,https://haraj.com.sa/en/tags/CX60
Cars,حراج السيارات,Mazda,مازدا,https://haraj.com.sa/en/tags/مازدا,BT50,BT50,https://haraj.com.sa/en/tags/BT50
Cars,حراج السيارات,Mazda,مازدا,https://haraj.com.sa/en/tags/مازدا,CX7,CX7,https://haraj.com.sa/en/tags/CX7
Cars,حراج السيارات,Mazda,مازدا,https://haraj.com.sa/en/tags/مازدا,Mazda 5,مازدا 5,https://haraj.com.sa/en/tags/مازدا 5
Cars,حراج السيارات,Mazda,مازدا,https://haraj.com.sa/en/tags/مازدا,MX-5,MX-5,https://haraj.com.sa/en/tags/MX-5
Cars,حراج السيارات,Mazda,مازدا,https://haraj.com.sa/en/tags/مازدا,MPV,MPV,https://haraj.com.sa/en/tags/MPV
Cars,حراج السيارات,Mazda,مازدا,https://haraj.com.sa/en/tags/مازدا,RX8,RX8,https://haraj.com.sa/en/tags/RX8
Cars,حراج السيارات,Mazda,مازدا,https://haraj.com.sa/en/tags/مازدا,CX2,CX2,https://haraj.com.sa/en/tags/CX2
Cars,حراج السيارات,Mazda,مازدا,https://haraj.com.sa/en/tags/مازدا,323,323,https://haraj.com.sa/en/tags/323
Cars,حراج السيارات,Mazda,مازدا,https://haraj.com.sa/en/tags/مازدا,626,626,https://haraj.com.sa/en/tags/626
Cars,حراج السيارات,Changan,شانجان,https://haraj.com.sa/en/tags/شانجان,Eado,ايدو,https://haraj.com.sa/en/tags/ايدو
Cars,حراج السيارات,Changan,شانجان,https://haraj.com.sa/en/tags/شانجان,Alsvin,السفن,https://haraj.com.sa/en/tags/السفن
Cars,حراج السيارات,Changan,شانجان,https://haraj.com.sa/en/tags/شانجان,CS35,CS35,https://haraj.com.sa/en/tags/CS35
Cars,حراج السيارات,Changan,شانجان,https://haraj.com.sa/en/tags/شانجان,CS95,CS95,https://haraj.com.sa/en/tags/CS95
Cars,حراج السيارات,Changan,شانجان,https://haraj.com.sa/en/tags/شانجان,UNI-V,يوني في,https://haraj.com.sa/en/tags/يوني في
Cars,حراج السيارات,Changan,شانجان,https://haraj.com.sa/en/tags/شانجان,CS75,CS75,https://haraj.com.sa/en/tags/CS75
Cars,حراج السيارات,Changan,شانجان,https://haraj.com.sa/en/tags/شانجان,Hunter,هنتر,https://haraj.com.sa/en/tags/هنتر
Cars,حراج السيارات,Changan,شانجان,https://haraj.com.sa/en/tags/شانجان,UNI-K,يوني كي,https://haraj.com.sa/en/tags/يوني كي
Cars,حراج السيارات,Changan,شانجان,https://haraj.com.sa/en/tags/شانجان,CS85,CS85,https://haraj.com.sa/en/tags/CS85
Cars,حراج السيارات,Changan,شانجان,https://haraj.com.sa/en/tags/شانجان,Changan V7,شانجان V7,https://haraj.com.sa/en/tags/شانجان V7
Cars,حراج السيارات,Changan,شانجان,https://haraj.com.sa/en/tags/شانجان,UNI-T,يوني تي,https://haraj.com.sa/en/tags/يوني تي
Cars,حراج السيارات,Changan,شانجان,https://haraj.com.sa/en/tags/شانجان,CS35 Plus,CS35 بلس,https://haraj.com.sa/en/tags/CS35 بلس
Cars,حراج السيارات,Changan,شانجان,https://haraj.com.sa/en/tags/شانجان,UNI-S,يوني اس,https://haraj.com.sa/en/tags/يوني اس
Cars,حراج السيارات,Changan,شانجان,https://haraj.com.sa/en/tags/شانجان,CS75 Plus,CS75 بلس,https://haraj.com.sa/en/tags/CS75 بلس
Cars,حراج السيارات,Mitsubishi,ميتسوبيشي,https://haraj.com.sa/en/tags/ميتسوبيشي,Pajero,باجيرو,https://haraj.com.sa/en/tags/باجيرو
Cars,حراج السيارات,Mitsubishi,ميتسوبيشي,https://haraj.com.sa/en/tags/ميتسوبيشي,L200,L200,https://haraj.com.sa/en/tags/L200
Cars,حراج السيارات,Mitsubishi,ميتسوبيشي,https://haraj.com.sa/en/tags/ميتسوبيشي,Attrage,اتراج,https://haraj.com.sa/en/tags/اتراج
Cars,حراج السيارات,Mitsubishi,ميتسوبيشي,https://haraj.com.sa/en/tags/ميتسوبيشي,Outlander,اوتلاندر,https://haraj.com.sa/en/tags/اوتلاندر
Cars,حراج السيارات,Mitsubishi,ميتسوبيشي,https://haraj.com.sa/en/tags/ميتسوبيشي,Lancer,لانسر,https://haraj.com.sa/en/tags/لانسر
Cars,حراج السيارات,Mitsubishi,ميتسوبيشي,https://haraj.com.sa/en/tags/ميتسوبيشي,Xpander,اكسباندر,https://haraj.com.sa/en/tags/اكسباندر
Cars,حراج السيارات,Mitsubishi,ميتسوبيشي,https://haraj.com.sa/en/tags/ميتسوبيشي,Montero,مونتيرو,https://haraj.com.sa/en/tags/مونتيرو
Cars,حراج السيارات,Mitsubishi,ميتسوبيشي,https://haraj.com.sa/en/tags/ميتسوبيشي,ASX,ASX,https://haraj.com.sa/en/tags/ASX
Cars,حراج السيارات,Mitsubishi,ميتسوبيشي,https://haraj.com.sa/en/tags/ميتسوبيشي,Eclipse Cross,اكلبس كروس,https://haraj.com.sa/en/tags/اكلبس كروس
Cars,حراج السيارات,Mitsubishi,ميتسوبيشي,https://haraj.com.sa/en/tags/ميتسوبيشي,Galant,جالنت,https://haraj.com.sa/en/tags/جالنت
Cars,حراج السيارات,Mitsubishi,ميتسوبيشي,https://haraj.com.sa/en/tags/ميتسوبيشي,Nativa,ناتيفا,https://haraj.com.sa/en/tags/ناتيفا
Cars,حراج السيارات,Mitsubishi,ميتسوبيشي,https://haraj.com.sa/en/tags/ميتسوبيشي,Space Star,سبيس ستار,https://haraj.com.sa/en/tags/سبيس ستار
Cars,حراج السيارات,Mitsubishi,ميتسوبيشي,https://haraj.com.sa/en/tags/ميتسوبيشي,Colt,كولت,https://haraj.com.sa/en/tags/كولت
Cars,حراج السيارات,Mitsubishi,ميتسوبيشي,https://haraj.com.sa/en/tags/ميتسوبيشي,Grandis,جرانديز,https://haraj.com.sa/en/tags/جرانديز
Cars,حراج السيارات,Mitsubishi,ميتسوبيشي,https://haraj.com.sa/en/tags/ميتسوبيشي,Magna,ماجنا,https://haraj.com.sa/en/tags/ماجنا
Cars,حراج السيارات,Mitsubishi,ميتسوبيشي,https://haraj.com.sa/en/tags/ميتسوبيشي,Xpander Cross,اكسباندر كروس,https://haraj.com.sa/en/tags/اكسباندر كروس
Cars,حراج السيارات,Mitsubishi,ميتسوبيشي,https://haraj.com.sa/en/tags/ميتسوبيشي,Sigma,سقما,https://haraj.com.sa/en/tags/سقما
Cars,حراج السيارات,Land Rover,لاند روفر,https://haraj.com.sa/en/tags/لاند روفر,Range Rover,رنج روفر,https://haraj.com.sa/en/tags/رنج روفر
Cars,حراج السيارات,Land Rover,لاند روفر,https://haraj.com.sa/en/tags/لاند روفر,Defender,ديفندر,https://haraj.com.sa/en/tags/ديفندر
Cars,حراج السيارات,Land Rover,لاند روفر,https://haraj.com.sa/en/tags/لاند روفر,Range Rover Sport,رينج روفر سبورت,https://haraj.com.sa/en/tags/رينج روفر سبورت
Cars,حراج السيارات,Land Rover,لاند روفر,https://haraj.com.sa/en/tags/لاند روفر,Velar,فيلار,https://haraj.com.sa/en/tags/فيلار
Cars,حراج السيارات,Land Rover,لاند روفر,https://haraj.com.sa/en/tags/لاند روفر,Evoque,ايفوك,https://haraj.com.sa/en/tags/ايفوك
Cars,حراج السيارات,Land Rover,لاند روفر,https://haraj.com.sa/en/tags/لاند روفر,Discovery,ديسكفري,https://haraj.com.sa/en/tags/ديسكفري
Cars,حراج السيارات,Land Rover,لاند روفر,https://haraj.com.sa/en/tags/لاند روفر,LR4,LR4,https://haraj.com.sa/en/tags/LR4
Cars,حراج السيارات,Land Rover,لاند روفر,https://haraj.com.sa/en/tags/لاند روفر,LR2,LR2,https://haraj.com.sa/en/tags/LR2
Cars,حراج السيارات,Land Rover,لاند روفر,https://haraj.com.sa/en/tags/لاند روفر,LR3,LR3,https://haraj.com.sa/en/tags/LR3
Cars,حراج السيارات,Land Rover,لاند روفر,https://haraj.com.sa/en/tags/لاند روفر,Freelander,فري لاند,https://haraj.com.sa/en/tags/فري لاند
Cars,حراج السيارات,Land Rover,لاند روفر,https://haraj.com.sa/en/tags/لاند روفر,Discovery Sport,ديسكفري سبورت,https://haraj.com.sa/en/tags/ديسكفري سبورت
Cars,حراج السيارات,JETOUR,جيتور,https://haraj.com.sa/en/tags/جيتور,T2,جيتور T2,https://haraj.com.sa/en/tags/جيتور T2
Cars,حراج السيارات,JETOUR,جيتور,https://haraj.com.sa/en/tags/جيتور,Dashing,داشينج,https://haraj.com.sa/en/tags/داشينج
Cars,حراج السيارات,JETOUR,جيتور,https://haraj.com.sa/en/tags/جيتور,X70,X70,https://haraj.com.sa/en/tags/X70
Cars,حراج السيارات,JETOUR,جيتور,https://haraj.com.sa/en/tags/جيتور,T1,جيتور T1,https://haraj.com.sa/en/tags/جيتور T1
Cars,حراج السيارات,JETOUR,جيتور,https://haraj.com.sa/en/tags/جيتور,X50,جيتور X50,https://haraj.com.sa/en/tags/جيتور X50
Cars,حراج السيارات,JETOUR,جيتور,https://haraj.com.sa/en/tags/جيتور,X70S,X70S,https://haraj.com.sa/en/tags/X70S
Cars,حراج السيارات,JETOUR,جيتور,https://haraj.com.sa/en/tags/جيتور,X90,X90,https://haraj.com.sa/en/tags/X90
Cars,حراج السيارات,Geely,جيلي,https://haraj.com.sa/en/tags/جيلي,Emgrand 7,امجراند 7,https://haraj.com.sa/en/tags/امجراند 7
Cars,حراج السيارات,Geely,جيلي,https://haraj.com.sa/en/tags/جيلي,Coolray,كولراي,https://haraj.com.sa/en/tags/كولراي
Cars,حراج السيارات,Geely,جيلي,https://haraj.com.sa/en/tags/جيلي,Emgrand GS,امجراند GS,https://haraj.com.sa/en/tags/امجراند GS
Cars,حراج السيارات,Geely,جيلي,https://haraj.com.sa/en/tags/جيلي,EC7,EC7,https://haraj.com.sa/en/tags/EC7
Cars,حراج السيارات,Geely,جيلي,https://haraj.com.sa/en/tags/جيلي,Tugella,توجيلا,https://haraj.com.sa/en/tags/توجيلا
Cars,حراج السيارات,Geely,جيلي,https://haraj.com.sa/en/tags/جيلي,EC8,EC8,https://haraj.com.sa/en/tags/EC8
Cars,حراج السيارات,Geely,جيلي,https://haraj.com.sa/en/tags/جيلي,Okavango,اوكافانجو,https://haraj.com.sa/en/tags/اوكافانجو
Cars,حراج السيارات,Geely,جيلي,https://haraj.com.sa/en/tags/جيلي,Emgrand X7,امجراند X7,https://haraj.com.sa/en/tags/امجراند X7
Cars,حراج السيارات,Geely,جيلي,https://haraj.com.sa/en/tags/جيلي,Azkarra,ازكارا,https://haraj.com.sa/en/tags/ازكارا
Cars,حراج السيارات,Geely,جيلي,https://haraj.com.sa/en/tags/جيلي,Monjaro,مونجارو,https://haraj.com.sa/en/tags/مونجارو
Cars,حراج السيارات,Geely,جيلي,https://haraj.com.sa/en/tags/جيلي,Preface,بريفيس,https://haraj.com.sa/en/tags/بريفيس
Cars,حراج السيارات,Geely,جيلي,https://haraj.com.sa/en/tags/جيلي,Starray,ستار راي,https://haraj.com.sa/en/tags/ستار راي
Cars,حراج السيارات,Geely,جيلي,https://haraj.com.sa/en/tags/جيلي,Binray,بينراي,https://haraj.com.sa/en/tags/بينراي
Cars,حراج السيارات,Geely,جيلي,https://haraj.com.sa/en/tags/جيلي,LC Panda,LC Panda,https://haraj.com.sa/en/tags/LC Panda
Cars,حراج السيارات,Geely,جيلي,https://haraj.com.sa/en/tags/جيلي,GX3 Pro,GX3 Pro,https://haraj.com.sa/en/tags/GX3 Pro
Cars,حراج السيارات,Geely,جيلي,https://haraj.com.sa/en/tags/جيلي,Cityray,سيتي راي,https://haraj.com.sa/en/tags/سيتي راي
Cars,حراج السيارات,Geely,جيلي,https://haraj.com.sa/en/tags/جيلي,Geometry c,جيومتري,https://haraj.com.sa/en/tags/جيومتري
Cars,حراج السيارات,Jeep,جيب,https://haraj.com.sa/en/tags/جيب,Wrangler,رانجلر,https://haraj.com.sa/en/tags/رانجلر
Cars,حراج السيارات,Jeep,جيب,https://haraj.com.sa/en/tags/جيب,Grand Cherokee,جراند شيروكي,https://haraj.com.sa/en/tags/جراند شيروكي
Cars,حراج السيارات,Jeep,جيب,https://haraj.com.sa/en/tags/جيب,Cherokee,شيروكي,https://haraj.com.sa/en/tags/شيروكي
Cars,حراج السيارات,Jeep,جيب,https://haraj.com.sa/en/tags/جيب,Compass,كومباس,https://haraj.com.sa/en/tags/كومباس
Cars,حراج السيارات,Jeep,جيب,https://haraj.com.sa/en/tags/جيب,Liberty,ليبرتي,https://haraj.com.sa/en/tags/ليبرتي
Cars,حراج السيارات,Jeep,جيب,https://haraj.com.sa/en/tags/جيب,Geladiator,جلاديتور,https://haraj.com.sa/en/tags/جلاديتور
Cars,حراج السيارات,Jeep,جيب,https://haraj.com.sa/en/tags/جيب,Renegade,رينيجيد,https://haraj.com.sa/en/tags/رينيجيد
Cars,حراج السيارات,Jeep,جيب,https://haraj.com.sa/en/tags/جيب,Commander,كوماندر,https://haraj.com.sa/en/tags/كوماندر
Cars,حراج السيارات,Jeep,جيب,https://haraj.com.sa/en/tags/جيب,Grand Wagoneer,جراند واجونير,https://haraj.com.sa/en/tags/جراند واجونير
Cars,حراج السيارات,MG,MG,https://haraj.com.sa/en/tags/MG,ZS,ZS,https://haraj.com.sa/en/tags/ZS
Cars,حراج السيارات,MG,MG,https://haraj.com.sa/en/tags/MG,MG GT,ام جي جي تي,https://haraj.com.sa/en/tags/ام جي جي تي
Cars,حراج السيارات,MG,MG,https://haraj.com.sa/en/tags/MG,MG 3,MG 3,https://haraj.com.sa/en/tags/MG 3
Cars,حراج السيارات,MG,MG,https://haraj.com.sa/en/tags/MG,RX5,RX5,https://haraj.com.sa/en/tags/RX5
Cars,حراج السيارات,MG,MG,https://haraj.com.sa/en/tags/MG,MG RX8,MG RX8,https://haraj.com.sa/en/tags/MG RX8
Cars,حراج السيارات,MG,MG,https://haraj.com.sa/en/tags/MG,T60,T60,https://haraj.com.sa/en/tags/T60
Cars,حراج السيارات,MG,MG,https://haraj.com.sa/en/tags/MG,HS,HS,https://haraj.com.sa/en/tags/HS
Cars,حراج السيارات,MG,MG,https://haraj.com.sa/en/tags/MG,MG 1,MG 1,https://haraj.com.sa/en/tags/MG 1
Cars,حراج السيارات,MG,MG,https://haraj.com.sa/en/tags/MG,MG7,MG7,https://haraj.com.sa/en/tags/MG7
Cars,حراج السيارات,MG,MG,https://haraj.com.sa/en/tags/MG,WHALE,WHALE,https://haraj.com.sa/en/tags/WHALE
Cars,حراج السيارات,MG,MG,https://haraj.com.sa/en/tags/MG,HS PHEV,HS PHEV,https://haraj.com.sa/en/tags/HS PHEV
Cars,حراج السيارات,MG,MG,https://haraj.com.sa/en/tags/MG,MG 8 PHEV,MG 8 PHEV,https://haraj.com.sa/en/tags/MG 8 PHEV
Cars,حراج السيارات,MG,MG,https://haraj.com.sa/en/tags/MG,MG RX9,MG RX9,https://haraj.com.sa/en/tags/MG RX9
Cars,حراج السيارات,MG,MG,https://haraj.com.sa/en/tags/MG,5,5,https://haraj.com.sa/en/tags/5
Cars,حراج السيارات,MG,MG,https://haraj.com.sa/en/tags/MG,6,6,https://haraj.com.sa/en/tags/6
Cars,حراج السيارات,Suzuki,سوزوكي,https://haraj.com.sa/en/tags/سوزوكي,Dzire,ديزاير,https://haraj.com.sa/en/tags/ديزاير
Cars,حراج السيارات,Suzuki,سوزوكي,https://haraj.com.sa/en/tags/سوزوكي,Jimny,جمني,https://haraj.com.sa/en/tags/جمني
Cars,حراج السيارات,Suzuki,سوزوكي,https://haraj.com.sa/en/tags/سوزوكي,APV van,APV فان,https://haraj.com.sa/en/tags/APV فان
Cars,حراج السيارات,Suzuki,سوزوكي,https://haraj.com.sa/en/tags/سوزوكي,Baleno,بالينو,https://haraj.com.sa/en/tags/بالينو
Cars,حراج السيارات,Suzuki,سوزوكي,https://haraj.com.sa/en/tags/سوزوكي,APV Pickup,APV بيك اب,https://haraj.com.sa/en/tags/APV بيك اب
Cars,حراج السيارات,Suzuki,سوزوكي,https://haraj.com.sa/en/tags/سوزوكي,Vitara,فيتارا,https://haraj.com.sa/en/tags/فيتارا
Cars,حراج السيارات,Suzuki,سوزوكي,https://haraj.com.sa/en/tags/سوزوكي,Fronx,فرونكس,https://haraj.com.sa/en/tags/فرونكس
Cars,حراج السيارات,Suzuki,سوزوكي,https://haraj.com.sa/en/tags/سوزوكي,Swift,سويفت,https://haraj.com.sa/en/tags/سويفت
Cars,حراج السيارات,Suzuki,سوزوكي,https://haraj.com.sa/en/tags/سوزوكي,Ertiga,ارتيجا,https://haraj.com.sa/en/tags/ارتيجا
Cars,حراج السيارات,Suzuki,سوزوكي,https://haraj.com.sa/en/tags/سوزوكي,Ciaz,سياز,https://haraj.com.sa/en/tags/سياز
Cars,حراج السيارات,Suzuki,سوزوكي,https://haraj.com.sa/en/tags/سوزوكي,Samurai,ساموراي,https://haraj.com.sa/en/tags/ساموراي
Cars,حراج السيارات,Suzuki,سوزوكي,https://haraj.com.sa/en/tags/سوزوكي,Grand Vitara,جراند فيتارا,https://haraj.com.sa/en/tags/جراند فيتارا
Cars,حراج السيارات,Suzuki,سوزوكي,https://haraj.com.sa/en/tags/سوزوكي,SX4,SX4,https://haraj.com.sa/en/tags/SX4
Cars,حراج السيارات,Suzuki,سوزوكي,https://haraj.com.sa/en/tags/سوزوكي,Celerio,سيليريو,https://haraj.com.sa/en/tags/سيليريو
Cars,حراج السيارات,Suzuki,سوزوكي,https://haraj.com.sa/en/tags/سوزوكي,Kizashi,كيزاشي,https://haraj.com.sa/en/tags/كيزاشي
Cars,حراج السيارات,Suzuki,سوزوكي,https://haraj.com.sa/en/tags/سوزوكي,Liana,ليانا,https://haraj.com.sa/en/tags/ليانا
Cars,حراج السيارات,Haval,هافال,https://haraj.com.sa/en/tags/هافال,Haval H9,هافال H9,https://haraj.com.sa/en/tags/هافال H9
Cars,حراج السيارات,Haval,هافال,https://haraj.com.sa/en/tags/هافال,Haval H6,هافال H6,https://haraj.com.sa/en/tags/هافال H6
Cars,حراج السيارات,Haval,هافال,https://haraj.com.sa/en/tags/هافال,Jolion,جوليان,https://haraj.com.sa/en/tags/جوليان
Cars,حراج السيارات,Haval,هافال,https://haraj.com.sa/en/tags/هافال,V7,هافال V7,https://haraj.com.sa/en/tags/هافال V7
Cars,حراج السيارات,Haval,هافال,https://haraj.com.sa/en/tags/هافال,Dargo,دارجو,https://haraj.com.sa/en/tags/دارجو
Cars,حراج السيارات,Haval,هافال,https://haraj.com.sa/en/tags/هافال,H7,هافال H7,https://haraj.com.sa/en/tags/هافال H7
Cars,حراج السيارات,Haval,هافال,https://haraj.com.sa/en/tags/هافال,H6 GT,H6 GT,https://haraj.com.sa/en/tags/H6 GT
Cars,حراج السيارات,Haval,هافال,https://haraj.com.sa/en/tags/هافال,Haval H2,هافال H2,https://haraj.com.sa/en/tags/هافال H2
Cars,حراج السيارات,Haval,هافال,https://haraj.com.sa/en/tags/هافال,Jolion Pro,جوليان برو,https://haraj.com.sa/en/tags/جوليان برو
Cars,حراج السيارات,Genesis,جنسس,https://haraj.com.sa/en/tags/جنسس,G80,G80,https://haraj.com.sa/en/tags/G80
Cars,حراج السيارات,Genesis,جنسس,https://haraj.com.sa/en/tags/جنسس,G70,G70,https://haraj.com.sa/en/tags/G70
Cars,حراج السيارات,Genesis,جنسس,https://haraj.com.sa/en/tags/جنسس,GV80,GV80,https://haraj.com.sa/en/tags/GV80
Cars,حراج السيارات,Genesis,جنسس,https://haraj.com.sa/en/tags/جنسس,Gv70,GV70,https://haraj.com.sa/en/tags/GV70
Cars,حراج السيارات,Genesis,جنسس,https://haraj.com.sa/en/tags/جنسس,G90,G90,https://haraj.com.sa/en/tags/G90
Cars,حراج السيارات,Audi,اودي,https://haraj.com.sa/en/tags/اودي,A8,A8,https://haraj.com.sa/en/tags/A8
Cars,حراج السيارات,Audi,اودي,https://haraj.com.sa/en/tags/اودي,A6,A6,https://haraj.com.sa/en/tags/A6
Cars,حراج السيارات,Audi,اودي,https://haraj.com.sa/en/tags/اودي,Q7,Q7,https://haraj.com.sa/en/tags/Q7
Cars,حراج السيارات,Audi,اودي,https://haraj.com.sa/en/tags/اودي,Q5,Q5,https://haraj.com.sa/en/tags/Q5
Cars,حراج السيارات,Audi,اودي,https://haraj.com.sa/en/tags/اودي,A5,A5,https://haraj.com.sa/en/tags/A5
Cars,حراج السيارات,Audi,اودي,https://haraj.com.sa/en/tags/اودي,A7,A7,https://haraj.com.sa/en/tags/A7
Cars,حراج السيارات,Audi,اودي,https://haraj.com.sa/en/tags/اودي,A4,A4,https://haraj.com.sa/en/tags/A4
Cars,حراج السيارات,Audi,اودي,https://haraj.com.sa/en/tags/اودي,Q8,Q8,https://haraj.com.sa/en/tags/Q8
Cars,حراج السيارات,Audi,اودي,https://haraj.com.sa/en/tags/اودي,A3,A3,https://haraj.com.sa/en/tags/A3
Cars,حراج السيارات,Audi,اودي,https://haraj.com.sa/en/tags/اودي,Q3,Q3,https://haraj.com.sa/en/tags/Q3
Cars,حراج السيارات,Audi,اودي,https://haraj.com.sa/en/tags/اودي,RS,RS,https://haraj.com.sa/en/tags/RS
Cars,حراج السيارات,Audi,اودي,https://haraj.com.sa/en/tags/اودي,S8,S8,https://haraj.com.sa/en/tags/S8
Cars,حراج السيارات,Audi,اودي,https://haraj.com.sa/en/tags/اودي,S3,S3,https://haraj.com.sa/en/tags/S3
Cars,حراج السيارات,Audi,اودي,https://haraj.com.sa/en/tags/اودي,TT,TT,https://haraj.com.sa/en/tags/TT
Cars,حراج السيارات,Audi,اودي,https://haraj.com.sa/en/tags/اودي,R8,R8,https://haraj.com.sa/en/tags/R8
Cars,حراج السيارات,Audi,اودي,https://haraj.com.sa/en/tags/اودي,S6,اودي S6,https://haraj.com.sa/en/tags/اودي S6
Cars,حراج السيارات,Chery,تشيري,https://haraj.com.sa/en/tags/تشيري,Arrizo 5,اريزو 5,https://haraj.com.sa/en/tags/اريزو 5
Cars,حراج السيارات,Chery,تشيري,https://haraj.com.sa/en/tags/تشيري,Arezzo 6,اريزو 6,https://haraj.com.sa/en/tags/اريزو 6
Cars,حراج السيارات,Chery,تشيري,https://haraj.com.sa/en/tags/تشيري,Tiggo 2,تيجو 2,https://haraj.com.sa/en/tags/تيجو 2
Cars,حراج السيارات,Chery,تشيري,https://haraj.com.sa/en/tags/تشيري,QQ,QQ,https://haraj.com.sa/en/tags/QQ
Cars,حراج السيارات,Chery,تشيري,https://haraj.com.sa/en/tags/تشيري,Tiggo 7,تيجو 7,https://haraj.com.sa/en/tags/تيجو 7
Cars,حراج السيارات,Chery,تشيري,https://haraj.com.sa/en/tags/تشيري,Arrizo 8,اريزو 8,https://haraj.com.sa/en/tags/اريزو 8
Cars,حراج السيارات,Chery,تشيري,https://haraj.com.sa/en/tags/تشيري,Tiggo 4,تيجو 4,https://haraj.com.sa/en/tags/تيجو 4
Cars,حراج السيارات,Chery,تشيري,https://haraj.com.sa/en/tags/تشيري,Tiggo 8,تيجو 8,https://haraj.com.sa/en/tags/تيجو 8
Cars,حراج السيارات,Chery,تشيري,https://haraj.com.sa/en/tags/تشيري,Chery A5,A5 تشيري,https://haraj.com.sa/en/tags/A5 تشيري
Cars,حراج السيارات,Chery,تشيري,https://haraj.com.sa/en/tags/تشيري,Arezzo 3,اريزو 3,https://haraj.com.sa/en/tags/اريزو 3
Cars,حراج السيارات,Chery,تشيري,https://haraj.com.sa/en/tags/تشيري,Chery A3,A3 تشيري,https://haraj.com.sa/en/tags/A3 تشيري
Cars,حراج السيارات,Chery,تشيري,https://haraj.com.sa/en/tags/تشيري,Quinn,كوين,https://haraj.com.sa/en/tags/كوين
Cars,حراج السيارات,Chery,تشيري,https://haraj.com.sa/en/tags/تشيري,Chery A1,A1 تشيري,https://haraj.com.sa/en/tags/A1 تشيري
Cars,حراج السيارات,Chery,تشيري,https://haraj.com.sa/en/tags/تشيري,EASTAR,ايستار,https://haraj.com.sa/en/tags/ايستار
Cars,حراج السيارات,Porsche,بورش,https://haraj.com.sa/en/tags/بورش,Cayenne,كايين,https://haraj.com.sa/en/tags/كايين
Cars,حراج السيارات,Porsche,بورش,https://haraj.com.sa/en/tags/بورش,Panamera,باناميرا,https://haraj.com.sa/en/tags/باناميرا
Cars,حراج السيارات,Porsche,بورش,https://haraj.com.sa/en/tags/بورش,Macan,ماكان,https://haraj.com.sa/en/tags/ماكان
Cars,حراج السيارات,Porsche,بورش,https://haraj.com.sa/en/tags/بورش,Carrera,كاريرا,https://haraj.com.sa/en/tags/كاريرا
Cars,حراج السيارات,Porsche,بورش,https://haraj.com.sa/en/tags/بورش,Cayman,كايمن,https://haraj.com.sa/en/tags/كايمن
Cars,حراج السيارات,Porsche,بورش,https://haraj.com.sa/en/tags/بورش,Boxster,بوكستر,https://haraj.com.sa/en/tags/بوكستر
Cars,حراج السيارات,Porsche,بورش,https://haraj.com.sa/en/tags/بورش,Turbo,توربو,https://haraj.com.sa/en/tags/توربو
Cars,حراج السيارات,Porsche,بورش,https://haraj.com.sa/en/tags/بورش,GT,GT,https://haraj.com.sa/en/tags/GT
Cars,حراج السيارات,Porsche,بورش,https://haraj.com.sa/en/tags/بورش,Taycan,تايكان,https://haraj.com.sa/en/tags/تايكان
Cars,حراج السيارات,Porsche,بورش,https://haraj.com.sa/en/tags/بورش,911,911,https://haraj.com.sa/en/tags/911
Cars,حراج السيارات,Porsche,بورش,https://haraj.com.sa/en/tags/بورش,718,718,https://haraj.com.sa/en/tags/718
Cars,حراج السيارات,Chrysler,كرايزلر,https://haraj.com.sa/en/tags/كرايزلر,C300,C300,https://haraj.com.sa/en/tags/C300
Cars,حراج السيارات,Chrysler,كرايزلر,https://haraj.com.sa/en/tags/كرايزلر,C200,C200,https://haraj.com.sa/en/tags/C200
Cars,حراج السيارات,Chrysler,كرايزلر,https://haraj.com.sa/en/tags/كرايزلر,M300,M300,https://haraj.com.sa/en/tags/M300
Cars,حراج السيارات,Chrysler,كرايزلر,https://haraj.com.sa/en/tags/كرايزلر,Grand Voyager,جراند فوياجر,https://haraj.com.sa/en/tags/جراند فوياجر
Cars,حراج السيارات,Chrysler,كرايزلر,https://haraj.com.sa/en/tags/كرايزلر,Pacifica,باسيفيكا,https://haraj.com.sa/en/tags/باسيفيكا
Cars,حراج السيارات,Chrysler,كرايزلر,https://haraj.com.sa/en/tags/كرايزلر,Concorde,كونكود,https://haraj.com.sa/en/tags/كونكود
Cars,حراج السيارات,Chrysler,كرايزلر,https://haraj.com.sa/en/tags/كرايزلر,PT Cruiser,بي تي كروزر,https://haraj.com.sa/en/tags/بي تي كروزر
Cars,حراج السيارات,Chrysler,كرايزلر,https://haraj.com.sa/en/tags/كرايزلر,Imperial,امبيريال,https://haraj.com.sa/en/tags/امبيريال
Cars,حراج السيارات,Chrysler,كرايزلر,https://haraj.com.sa/en/tags/كرايزلر,Crossfire,كروس فاير,https://haraj.com.sa/en/tags/كروس فاير
Cars,حراج السيارات,Chrysler,كرايزلر,https://haraj.com.sa/en/tags/كرايزلر,Plymouth,بلايموث,https://haraj.com.sa/en/tags/بلايموث
Cars,حراج السيارات,Cadillac,كاديلاك,https://haraj.com.sa/en/tags/كاديلاك,,,
Cars,حراج السيارات,GAC,جي ايه سي GAC,https://haraj.com.sa/en/tags/جي ايه سي GAC,EMPOW,امباو,https://haraj.com.sa/en/tags/امباو
Cars,حراج السيارات,GAC,جي ايه سي GAC,https://haraj.com.sa/en/tags/جي ايه سي GAC,EMZOOM,ام زوم,https://haraj.com.sa/en/tags/ام زوم
Cars,حراج السيارات,GAC,جي ايه سي GAC,https://haraj.com.sa/en/tags/جي ايه سي GAC,GS3,GS3,https://haraj.com.sa/en/tags/GS3
Cars,حراج السيارات,GAC,جي ايه سي GAC,https://haraj.com.sa/en/tags/جي ايه سي GAC,GS8,GS8,https://haraj.com.sa/en/tags/GS8
Cars,حراج السيارات,GAC,جي ايه سي GAC,https://haraj.com.sa/en/tags/جي ايه سي GAC,EMKOO,امكو,https://haraj.com.sa/en/tags/امكو
Cars,حراج السيارات,GAC,جي ايه سي GAC,https://haraj.com.sa/en/tags/جي ايه سي GAC,GS5,GS5,https://haraj.com.sa/en/tags/GS5
Cars,حراج السيارات,GAC,جي ايه سي GAC,https://haraj.com.sa/en/tags/جي ايه سي GAC,GA3,GA3,https://haraj.com.sa/en/tags/GA3
Cars,حراج السيارات,GAC,جي ايه سي GAC,https://haraj.com.sa/en/tags/جي ايه سي GAC,GS4,GS4,https://haraj.com.sa/en/tags/GS4
Cars,حراج السيارات,GAC,جي ايه سي GAC,https://haraj.com.sa/en/tags/جي ايه سي GAC,GA4,GA4,https://haraj.com.sa/en/tags/GA4
Cars,حراج السيارات,GAC,جي ايه سي GAC,https://haraj.com.sa/en/tags/جي ايه سي GAC,GA8,GA8,https://haraj.com.sa/en/tags/GA8
Cars,حراج السيارات,GAC,جي ايه سي GAC,https://haraj.com.sa/en/tags/جي ايه سي GAC,GN8,GN8,https://haraj.com.sa/en/tags/GN8
Cars,حراج السيارات,GAC,جي ايه سي GAC,https://haraj.com.sa/en/tags/جي ايه سي GAC,GA6,GA6,https://haraj.com.sa/en/tags/GA6
Cars,حراج السيارات,GAC,جي ايه سي GAC,https://haraj.com.sa/en/tags/جي ايه سي GAC,GN6,GN6,https://haraj.com.sa/en/tags/GN6
Cars,حراج السيارات,Peugeot,بيجو,https://haraj.com.sa/en/tags/بيجو,Partner,بارتنر,https://haraj.com.sa/en/tags/بارتنر
Cars,حراج السيارات,Peugeot,بيجو,https://haraj.com.sa/en/tags/بيجو,Boxer,بوكسر,https://haraj.com.sa/en/tags/بوكسر
Cars,حراج السيارات,Peugeot,بيجو,https://haraj.com.sa/en/tags/بيجو,Expert,اكسبيرت,https://haraj.com.sa/en/tags/اكسبيرت
Cars,حراج السيارات,Peugeot,بيجو,https://haraj.com.sa/en/tags/بيجو,Landtrek,لاندتريك,https://haraj.com.sa/en/tags/لاندتريك
Cars,حراج السيارات,Peugeot,بيجو,https://haraj.com.sa/en/tags/بيجو,Traveller,ترافلر,https://haraj.com.sa/en/tags/ترافلر
Cars,حراج السيارات,Peugeot,بيجو,https://haraj.com.sa/en/tags/بيجو,Rifter,ريفتر,https://haraj.com.sa/en/tags/ريفتر
Cars,حراج السيارات,Peugeot,بيجو,https://haraj.com.sa/en/tags/بيجو,307,307,https://haraj.com.sa/en/tags/307
Cars,حراج السيارات,Peugeot,بيجو,https://haraj.com.sa/en/tags/بيجو,407,407,https://haraj.com.sa/en/tags/407
Cars,حراج السيارات,Peugeot,بيجو,https://haraj.com.sa/en/tags/بيجو,206,206,https://haraj.com.sa/en/tags/206
Cars,حراج السيارات,Peugeot,بيجو,https://haraj.com.sa/en/tags/بيجو,508,508,https://haraj.com.sa/en/tags/508
Cars,حراج السيارات,Peugeot,بيجو,https://haraj.com.sa/en/tags/بيجو,406,406,https://haraj.com.sa/en/tags/406
Cars,حراج السيارات,Peugeot,بيجو,https://haraj.com.sa/en/tags/بيجو,607,607,https://haraj.com.sa/en/tags/607
Cars,حراج السيارات,Peugeot,بيجو,https://haraj.com.sa/en/tags/بيجو,404,404,https://haraj.com.sa/en/tags/404
Cars,حراج السيارات,Peugeot,بيجو,https://haraj.com.sa/en/tags/بيجو,3008,3008,https://haraj.com.sa/en/tags/3008
Cars,حراج السيارات,Peugeot,بيجو,https://haraj.com.sa/en/tags/بيجو,301,301,https://haraj.com.sa/en/tags/301
Cars,حراج السيارات,Peugeot,بيجو,https://haraj.com.sa/en/tags/بيجو,5008,5008,https://haraj.com.sa/en/tags/5008
Cars,حراج السيارات,Peugeot,بيجو,https://haraj.com.sa/en/tags/بيجو,2008,بيجو2008,https://haraj.com.sa/en/tags/بيجو2008
Cars,حراج السيارات,Peugeot,بيجو,https://haraj.com.sa/en/tags/بيجو,208,بيجو208,https://haraj.com.sa/en/tags/بيجو208
Cars,حراج السيارات,Peugeot,بيجو,https://haraj.com.sa/en/tags/بيجو,408,بيجو408,https://haraj.com.sa/en/tags/بيجو408
Cars,حراج السيارات,Peugeot,بيجو,https://haraj.com.sa/en/tags/بيجو,504,بيجو504,https://haraj.com.sa/en/tags/بيجو504
Cars,حراج السيارات,Volkswagen,فولكس واجن,https://haraj.com.sa/en/tags/فولكس واجن,Passat,باسات,https://haraj.com.sa/en/tags/باسات
Cars,حراج السيارات,Volkswagen,فولكس واجن,https://haraj.com.sa/en/tags/فولكس واجن,Golf,جولف,https://haraj.com.sa/en/tags/جولف
Cars,حراج السيارات,Volkswagen,فولكس واجن,https://haraj.com.sa/en/tags/فولكس واجن,Touareg,طوارق,https://haraj.com.sa/en/tags/طوارق
Cars,حراج السيارات,Volkswagen,فولكس واجن,https://haraj.com.sa/en/tags/فولكس واجن,Teramont,تيرامونت,https://haraj.com.sa/en/tags/تيرامونت
Cars,حراج السيارات,Volkswagen,فولكس واجن,https://haraj.com.sa/en/tags/فولكس واجن,Tiguan,تيجوان,https://haraj.com.sa/en/tags/تيجوان
Cars,حراج السيارات,Volkswagen,فولكس واجن,https://haraj.com.sa/en/tags/فولكس واجن,Jetta,جيتا,https://haraj.com.sa/en/tags/جيتا
Cars,حراج السيارات,Volkswagen,فولكس واجن,https://haraj.com.sa/en/tags/فولكس واجن,Beetle,بيتل,https://haraj.com.sa/en/tags/بيتل
Cars,حراج السيارات,Volkswagen,فولكس واجن,https://haraj.com.sa/en/tags/فولكس واجن,T-roc,تي روك,https://haraj.com.sa/en/tags/تي روك
Cars,حراج السيارات,Volkswagen,فولكس واجن,https://haraj.com.sa/en/tags/فولكس واجن,Polo,بولو,https://haraj.com.sa/en/tags/بولو
Cars,حراج السيارات,Volkswagen,فولكس واجن,https://haraj.com.sa/en/tags/فولكس واجن,Scirocco,شيروكو,https://haraj.com.sa/en/tags/شيروكو
Cars,حراج السيارات,Volkswagen,فولكس واجن,https://haraj.com.sa/en/tags/فولكس واجن,Arteon,ارتيون,https://haraj.com.sa/en/tags/ارتيون
Cars,حراج السيارات,Volkswagen,فولكس واجن,https://haraj.com.sa/en/tags/فولكس واجن,Amarok,اماروك,https://haraj.com.sa/en/tags/اماروك
Cars,حراج السيارات,FAW,فاو FAW,https://haraj.com.sa/en/tags/فاو FAW,Besturn B70,بسترن B70,https://haraj.com.sa/en/tags/بسترن B70
Cars,حراج السيارات,FAW,فاو FAW,https://haraj.com.sa/en/tags/فاو FAW,T77,T77,https://haraj.com.sa/en/tags/T77
Cars,حراج السيارات,FAW,فاو FAW,https://haraj.com.sa/en/tags/فاو FAW,T99,T99,https://haraj.com.sa/en/tags/T99
Cars,حراج السيارات,FAW,فاو FAW,https://haraj.com.sa/en/tags/فاو FAW,X40,X40,https://haraj.com.sa/en/tags/X40
Cars,حراج السيارات,FAW,فاو FAW,https://haraj.com.sa/en/tags/فاو FAW,Oley,اولي,https://haraj.com.sa/en/tags/أولي
Cars,حراج السيارات,FAW,فاو FAW,https://haraj.com.sa/en/tags/فاو FAW,T33,T33,https://haraj.com.sa/en/tags/T33
Cars,حراج السيارات,FAW,فاو FAW,https://haraj.com.sa/en/tags/فاو FAW,Besturn B50,بسترن B50,https://haraj.com.sa/en/tags/بسترن B50
Cars,حراج السيارات,FAW,فاو FAW,https://haraj.com.sa/en/tags/فاو FAW,Besturn X80,بسترن X80,https://haraj.com.sa/en/tags/بسترن X80
Cars,حراج السيارات,FAW,فاو FAW,https://haraj.com.sa/en/tags/فاو FAW,T80,T80,https://haraj.com.sa/en/tags/T80
Cars,حراج السيارات,FAW,فاو FAW,https://haraj.com.sa/en/tags/فاو FAW,T90,بيستون T90,https://haraj.com.sa/en/tags/بيستون T90
Cars,حراج السيارات,FAW,فاو FAW,https://haraj.com.sa/en/tags/فاو FAW,V80,V80,https://haraj.com.sa/en/tags/V80
Cars,حراج السيارات,FAW,فاو FAW,https://haraj.com.sa/en/tags/فاو FAW,B70S,بيستون B70S,https://haraj.com.sa/en/tags/بيستون B70S
Cars,حراج السيارات,Lincoln,لنكولن,https://haraj.com.sa/en/tags/لنكولن,Town Car,تاون كار,https://haraj.com.sa/en/tags/تاون كار
Cars,حراج السيارات,Lincoln,لنكولن,https://haraj.com.sa/en/tags/لنكولن,MKS,MKS,https://haraj.com.sa/en/tags/MKS
Cars,حراج السيارات,Lincoln,لنكولن,https://haraj.com.sa/en/tags/لنكولن,Navigator,نافيجتور,https://haraj.com.sa/en/tags/نافيجتور
Cars,حراج السيارات,Lincoln,لنكولن,https://haraj.com.sa/en/tags/لنكولن,Nautilus,نوتيلوس,https://haraj.com.sa/en/tags/نوتيلوس
Cars,حراج السيارات,Lincoln,لنكولن,https://haraj.com.sa/en/tags/لنكولن,Aviator,افياتور,https://haraj.com.sa/en/tags/افياتور
Cars,حراج السيارات,Lincoln,لنكولن,https://haraj.com.sa/en/tags/لنكولن,Continental,كونتيننتال,https://haraj.com.sa/en/tags/كونتيننتال
Cars,حراج السيارات,Lincoln,لنكولن,https://haraj.com.sa/en/tags/لنكولن,Corsair,كورسير,https://haraj.com.sa/en/tags/كورسير
Cars,حراج السيارات,Lincoln,لنكولن,https://haraj.com.sa/en/tags/لنكولن,S,ال اس,https://haraj.com.sa/en/tags/ال اس
Cars,حراج السيارات,Daihatsu,ديهاتسو,https://haraj.com.sa/en/tags/ديهاتسو,Sirion,سيريون,https://haraj.com.sa/en/tags/سيريون
Cars,حراج السيارات,Daihatsu,ديهاتسو,https://haraj.com.sa/en/tags/ديهاتسو,Taurus,تيروس,https://haraj.com.sa/en/tags/تيروس
Cars,حراج السيارات,Daihatsu,ديهاتسو,https://haraj.com.sa/en/tags/ديهاتسو,Materia,ماتيريا,https://haraj.com.sa/en/tags/ماتيريا
Cars,حراج السيارات,Infinity,انفنيتي,https://haraj.com.sa/en/tags/انفنيتي,QX80,QX80,https://haraj.com.sa/en/tags/QX80
Cars,حراج السيارات,Infinity,انفنيتي,https://haraj.com.sa/en/tags/انفنيتي,FX,FX,https://haraj.com.sa/en/tags/FX
Cars,حراج السيارات,Infinity,انفنيتي,https://haraj.com.sa/en/tags/انفنيتي,Q50,Q50,https://haraj.com.sa/en/tags/Q50
Cars,حراج السيارات,Infinity,انفنيتي,https://haraj.com.sa/en/tags/انفنيتي,G,انفنيتي G,https://haraj.com.sa/en/tags/انفنيتي G
Cars,حراج السيارات,Infinity,انفنيتي,https://haraj.com.sa/en/tags/انفنيتي,QX70,QX70,https://haraj.com.sa/en/tags/QX70
Cars,حراج السيارات,Infinity,انفنيتي,https://haraj.com.sa/en/tags/انفنيتي,QX,QX,https://haraj.com.sa/en/tags/QX
Cars,حراج السيارات,Infinity,انفنيتي,https://haraj.com.sa/en/tags/انفنيتي,QX60,QX60,https://haraj.com.sa/en/tags/QX60
Cars,حراج السيارات,Infinity,انفنيتي,https://haraj.com.sa/en/tags/انفنيتي,Q70,Q70,https://haraj.com.sa/en/tags/Q70
Cars,حراج السيارات,Infinity,انفنيتي,https://haraj.com.sa/en/tags/انفنيتي,QX50,QX50,https://haraj.com.sa/en/tags/QX50
Cars,حراج السيارات,Infinity,انفنيتي,https://haraj.com.sa/en/tags/انفنيتي,QX56,QX56,https://haraj.com.sa/en/tags/QX56
Cars,حراج السيارات,Infinity,انفنيتي,https://haraj.com.sa/en/tags/انفنيتي,Q,Q,https://haraj.com.sa/en/tags/Q
Cars,حراج السيارات,Infinity,انفنيتي,https://haraj.com.sa/en/tags/انفنيتي,Q30,Q30,https://haraj.com.sa/en/tags/Q30
Cars,حراج السيارات,Infinity,انفنيتي,https://haraj.com.sa/en/tags/انفنيتي,Q60,Q60,https://haraj.com.sa/en/tags/Q60
Cars,حراج السيارات,Infinity,انفنيتي,https://haraj.com.sa/en/tags/انفنيتي,M,M,https://haraj.com.sa/en/tags/M
Cars,حراج السيارات,Infinity,انفنيتي,https://haraj.com.sa/en/tags/انفنيتي,QX55,QX55,https://haraj.com.sa/en/tags/QX55
Cars,حراج السيارات,Great Wall,جريت وول Great Wall,https://haraj.com.sa/en/tags/جريت وول Great Wall,Wingle 7,ونجل7,https://haraj.com.sa/en/tags/ونجل7
Cars,حراج السيارات,Great Wall,جريت وول Great Wall,https://haraj.com.sa/en/tags/جريت وول Great Wall,POER,باور,https://haraj.com.sa/en/tags/باور
Cars,حراج السيارات,Great Wall,جريت وول Great Wall,https://haraj.com.sa/en/tags/جريت وول Great Wall,Wingle 5,ونجل5,https://haraj.com.sa/en/tags/ونجل5
Cars,حراج السيارات,Great Wall,جريت وول Great Wall,https://haraj.com.sa/en/tags/جريت وول Great Wall,Wingle 6,ونجل6,https://haraj.com.sa/en/tags/ونجل6
Cars,حراج السيارات,BYD,BYD,https://haraj.com.sa/en/tags/BYD,Song Plus,سونج بلس,https://haraj.com.sa/en/tags/سونج بلس
Cars,حراج السيارات,BYD,BYD,https://haraj.com.sa/en/tags/BYD,Seal,سيل,https://haraj.com.sa/en/tags/سيل
Cars,حراج السيارات,BYD,BYD,https://haraj.com.sa/en/tags/BYD,F3,F3,https://haraj.com.sa/en/tags/F3
Cars,حراج السيارات,BYD,BYD,https://haraj.com.sa/en/tags/BYD,Qin Plus,تشين بلس,https://haraj.com.sa/en/tags/تشين بلس
Cars,حراج السيارات,BYD,BYD,https://haraj.com.sa/en/tags/BYD,S7,S7,https://haraj.com.sa/en/tags/S7
Cars,حراج السيارات,BYD,BYD,https://haraj.com.sa/en/tags/BYD,Han,هان,https://haraj.com.sa/en/tags/هان
Cars,حراج السيارات,BYD,BYD,https://haraj.com.sa/en/tags/BYD,F7,F7,https://haraj.com.sa/en/tags/F7
Cars,حراج السيارات,BYD,BYD,https://haraj.com.sa/en/tags/BYD,S6,S6,https://haraj.com.sa/en/tags/S6
Cars,حراج السيارات,BYD,BYD,https://haraj.com.sa/en/tags/BYD,F5,F5,https://haraj.com.sa/en/tags/F5
Cars,حراج السيارات,BYD,BYD,https://haraj.com.sa/en/tags/BYD,Shark 6,شارك 6,https://haraj.com.sa/en/tags/شارك 6
Cars,حراج السيارات,BYD,BYD,https://haraj.com.sa/en/tags/BYD,Sealion 7,سي ليون 7,https://haraj.com.sa/en/tags/سي ليون 7
Cars,حراج السيارات,BYD,BYD,https://haraj.com.sa/en/tags/BYD,Atto 8,اتو 8,https://haraj.com.sa/en/tags/اتو 8
Cars,حراج السيارات,BYD,BYD,https://haraj.com.sa/en/tags/BYD,Atto 3,اتو 3,https://haraj.com.sa/en/tags/اتو 3
Cars,حراج السيارات,JAC,جاك JAC,https://haraj.com.sa/en/tags/جاك JAC,,,
Cars,حراج السيارات,Fiat,فيات,https://haraj.com.sa/en/tags/فيات,Fiat 500,فيات 500,https://haraj.com.sa/en/tags/فيات 500
Cars,حراج السيارات,Fiat,فيات,https://haraj.com.sa/en/tags/فيات,Fiorino,فيورينو,https://haraj.com.sa/en/tags/فيورينو
Cars,حراج السيارات,Fiat,فيات,https://haraj.com.sa/en/tags/فيات,Dolce Vita,دولتشي فيتا,https://haraj.com.sa/en/tags/دولتشي فيتا
Cars,حراج السيارات,Fiat,فيات,https://haraj.com.sa/en/tags/فيات,Fiat 500X,فيات 500X,https://haraj.com.sa/en/tags/فيات 500X
Cars,حراج السيارات,Fiat,فيات,https://haraj.com.sa/en/tags/فيات,Linea,لينيا,https://haraj.com.sa/en/tags/لينيا
Cars,حراج السيارات,Dongfeng,دونج فينج,https://haraj.com.sa/en/tags/دونج فينج,Shine,شاين,https://haraj.com.sa/en/tags/شاين
Cars,حراج السيارات,Dongfeng,دونج فينج,https://haraj.com.sa/en/tags/دونج فينج,E32,E32,https://haraj.com.sa/en/tags/E32
Cars,حراج السيارات,Dongfeng,دونج فينج,https://haraj.com.sa/en/tags/دونج فينج,T5 Evo,T5 Evo,https://haraj.com.sa/en/tags/T5 Evo
Cars,حراج السيارات,Dongfeng,دونج فينج,https://haraj.com.sa/en/tags/دونج فينج,A30,A30,https://haraj.com.sa/en/tags/A30
Cars,حراج السيارات,Dongfeng,دونج فينج,https://haraj.com.sa/en/tags/دونج فينج,Mage,دونج فينج ميج,https://haraj.com.sa/en/tags/دونج فينج ميج
Cars,حراج السيارات,Dongfeng,دونج فينج,https://haraj.com.sa/en/tags/دونج فينج,AX7,AX7,https://haraj.com.sa/en/tags/AX7
Cars,حراج السيارات,Dongfeng,دونج فينج,https://haraj.com.sa/en/tags/دونج فينج,A60 MAX,A60 MAX,https://haraj.com.sa/en/tags/A60 MAX
Cars,حراج السيارات,Dongfeng,دونج فينج,https://haraj.com.sa/en/tags/دونج فينج,AX7 MACH,AX7 MACH,https://haraj.com.sa/en/tags/AX7 MACH
Cars,حراج السيارات,Dongfeng,دونج فينج,https://haraj.com.sa/en/tags/دونج فينج,C31,C31,https://haraj.com.sa/en/tags/C31
Cars,حراج السيارات,Dongfeng,دونج فينج,https://haraj.com.sa/en/tags/دونج فينج,Huge,هيوج,https://haraj.com.sa/en/tags/هيوج
Cars,حراج السيارات,Dongfeng,دونج فينج,https://haraj.com.sa/en/tags/دونج فينج,007,دونج فينج 007,https://haraj.com.sa/en/tags/دونج فينج 007
Cars,حراج السيارات,Dongfeng,دونج فينج,https://haraj.com.sa/en/tags/دونج فينج,C35,C35,https://haraj.com.sa/en/tags/C35
Cars,حراج السيارات,Dongfeng,دونج فينج,https://haraj.com.sa/en/tags/دونج فينج,C32,C32,https://haraj.com.sa/en/tags/C32
Cars,حراج السيارات,Dongfeng,دونج فينج,https://haraj.com.sa/en/tags/دونج فينج,Shine Max,شاين ماكس,https://haraj.com.sa/en/tags/شاين ماكس
Cars,حراج السيارات,Bentley,بنتلي,https://haraj.com.sa/en/tags/بنتلي,Continental Flying Spur,كونتيننتال فلاينج سبير,https://haraj.com.sa/en/tags/كونتيننتال فلاينج سبير
Cars,حراج السيارات,Bentley,بنتلي,https://haraj.com.sa/en/tags/بنتلي,Continental GT,كونتيننتال GT,https://haraj.com.sa/en/tags/كونتيننتال GT
Cars,حراج السيارات,Bentley,بنتلي,https://haraj.com.sa/en/tags/بنتلي,Bentayga,بنتياقا,https://haraj.com.sa/en/tags/بنتياقا
Cars,حراج السيارات,Bentley,بنتلي,https://haraj.com.sa/en/tags/بنتلي,Mulsanne,مولسان,https://haraj.com.sa/en/tags/مولسان
Cars,حراج السيارات,Bentley,بنتلي,https://haraj.com.sa/en/tags/بنتلي,Continental GTC,كونتيننتالGTC,https://haraj.com.sa/en/tags/كونتيننتالGTC
Cars,حراج السيارات,Bentley,بنتلي,https://haraj.com.sa/en/tags/بنتلي,Arnage,ارنيج,https://haraj.com.sa/en/tags/ارنيج
Cars,حراج السيارات,Bentley,بنتلي,https://haraj.com.sa/en/tags/بنتلي,Brooklands Coupe,بروكلاندز كوبية,https://haraj.com.sa/en/tags/بروكلاندز كوبية
Cars,حراج السيارات,Bentley,بنتلي,https://haraj.com.sa/en/tags/بنتلي,Azure,ازيور,https://haraj.com.sa/en/tags/ازيور
Cars,حراج السيارات,Tank,تانك,https://haraj.com.sa/en/tags/تانك,Tank 300,تانك 300,https://haraj.com.sa/en/tags/تانك 300
Cars,حراج السيارات,Tank,تانك,https://haraj.com.sa/en/tags/تانك,Tank 500,تانك 500,https://haraj.com.sa/en/tags/تانك 500
Cars,حراج السيارات,Tank,تانك,https://haraj.com.sa/en/tags/تانك,Tank 700,تانك 700,https://haraj.com.sa/en/tags/تانك 700
Cars,حراج السيارات,Foton,فوتون,https://haraj.com.sa/en/tags/فوتون,Tunland,تونلاند,https://haraj.com.sa/en/tags/تونلاند
Cars,حراج السيارات,Rolls-Royce,رولز رويس,https://haraj.com.sa/en/tags/رولز رويس,Cullinan,كولينان,https://haraj.com.sa/en/tags/كولينان
Cars,حراج السيارات,Rolls-Royce,رولز رويس,https://haraj.com.sa/en/tags/رولز رويس,Quest,قوست,https://haraj.com.sa/en/tags/قوست
Cars,حراج السيارات,Rolls-Royce,رولز رويس,https://haraj.com.sa/en/tags/رولز رويس,Phantom,فانتوم,https://haraj.com.sa/en/tags/فانتوم
Cars,حراج السيارات,Rolls-Royce,رولز رويس,https://haraj.com.sa/en/tags/رولز رويس,Wraith,ريث,https://haraj.com.sa/en/tags/ريث
Cars,حراج السيارات,Rolls-Royce,رولز رويس,https://haraj.com.sa/en/tags/رولز رويس,Dawn,داون,https://haraj.com.sa/en/tags/داون
Cars,حراج السيارات,Jaguar,جاكوار,https://haraj.com.sa/en/tags/جاكوار,XJ,XJ,https://haraj.com.sa/en/tags/XJ
Cars,حراج السيارات,Jaguar,جاكوار,https://haraj.com.sa/en/tags/جاكوار,XF,XF,https://haraj.com.sa/en/tags/XF
Cars,حراج السيارات,Jaguar,جاكوار,https://haraj.com.sa/en/tags/جاكوار,F pace,F pace,https://haraj.com.sa/en/tags/F pace
Cars,حراج السيارات,Jaguar,جاكوار,https://haraj.com.sa/en/tags/جاكوار,F type,F type,https://haraj.com.sa/en/tags/F type
Cars,حراج السيارات,Jaguar,جاكوار,https://haraj.com.sa/en/tags/جاكوار,E pace,E pace,https://haraj.com.sa/en/tags/E pace
Cars,حراج السيارات,Jaguar,جاكوار,https://haraj.com.sa/en/tags/جاكوار,XE,XE,https://haraj.com.sa/en/tags/XE
Cars,حراج السيارات,Jaguar,جاكوار,https://haraj.com.sa/en/tags/جاكوار,X type,X type,https://haraj.com.sa/en/tags/X type
Cars,حراج السيارات,Jaguar,جاكوار,https://haraj.com.sa/en/tags/جاكوار,S type,S type,https://haraj.com.sa/en/tags/S type
Cars,حراج السيارات,Jaguar,جاكوار,https://haraj.com.sa/en/tags/جاكوار,Daimler,ديملر,https://haraj.com.sa/en/tags/ديملر
Cars,حراج السيارات,Jaguar,جاكوار,https://haraj.com.sa/en/tags/جاكوار,Suv Virgen,سوفيرجن,https://haraj.com.sa/en/tags/سوفيرجن
Cars,حراج السيارات,Jaguar,جاكوار,https://haraj.com.sa/en/tags/جاكوار,I pace,I pace,https://haraj.com.sa/en/tags/I pace
Cars,حراج السيارات,Baic,بايك,https://haraj.com.sa/en/tags/بايك,X35,X35,https://haraj.com.sa/en/tags/X35
Cars,حراج السيارات,Baic,بايك,https://haraj.com.sa/en/tags/بايك,D50,D50,https://haraj.com.sa/en/tags/D50
Cars,حراج السيارات,Baic,بايك,https://haraj.com.sa/en/tags/بايك,X7,X7,https://haraj.com.sa/en/tags/X7
Cars,حراج السيارات,Baic,بايك,https://haraj.com.sa/en/tags/بايك,BJ40 C,BJ40 C,https://haraj.com.sa/en/tags/BJ40 C
Cars,حراج السيارات,Baic,بايك,https://haraj.com.sa/en/tags/بايك,BJ40 Plus,BJ40 Plus,https://haraj.com.sa/en/tags/BJ40 Plus
Cars,حراج السيارات,Baic,بايك,https://haraj.com.sa/en/tags/بايك,BJ40S,BJ40 S,https://haraj.com.sa/en/tags/BJ40 S
Cars,حراج السيارات,Baic,بايك,https://haraj.com.sa/en/tags/بايك,BJ40SE,BJ40 SE,https://haraj.com.sa/en/tags/BJ40 SE
Cars,حراج السيارات,Baic,بايك,https://haraj.com.sa/en/tags/بايك,BJ80,BJ80,https://haraj.com.sa/en/tags/BJ80
Cars,حراج السيارات,Baic,بايك,https://haraj.com.sa/en/tags/بايك,BJ40F,BJ40 F,https://haraj.com.sa/en/tags/BJ40 F
Cars,حراج السيارات,Maserati,مازيراتي,https://haraj.com.sa/en/tags/مازيراتي,Quattroporte,كواتربورتي,https://haraj.com.sa/en/tags/كواتربورتي
Cars,حراج السيارات,Maserati,مازيراتي,https://haraj.com.sa/en/tags/مازيراتي,Ghibli,جيبلي,https://haraj.com.sa/en/tags/جيبلي
Cars,حراج السيارات,Maserati,مازيراتي,https://haraj.com.sa/en/tags/مازيراتي,GranTurismo,جران,https://haraj.com.sa/en/tags/جران
Cars,حراج السيارات,Maserati,مازيراتي,https://haraj.com.sa/en/tags/مازيراتي,Mazzarini,مازيراني,https://haraj.com.sa/en/tags/مازيراني
Cars,حراج السيارات,Maserati,مازيراتي,https://haraj.com.sa/en/tags/مازيراتي,Levante,ليفانتي,https://haraj.com.sa/en/tags/ليفانتي
Cars,حراج السيارات,Maserati,مازيراتي,https://haraj.com.sa/en/tags/مازيراتي,Grecale,جريكالي,https://haraj.com.sa/en/tags/جريكالي
Cars,حراج السيارات,Hummer,همر,https://haraj.com.sa/en/tags/همر,H3,H3,https://haraj.com.sa/en/tags/H3
Cars,حراج السيارات,Hummer,همر,https://haraj.com.sa/en/tags/همر,H2,H2,https://haraj.com.sa/en/tags/H2
Cars,حراج السيارات,Hummer,همر,https://haraj.com.sa/en/tags/همر,H1,H1,https://haraj.com.sa/en/tags/H1
Cars,حراج السيارات,JMC,جي ام سي JMC,https://haraj.com.sa/en/tags/جى ام سي JMC,,,
Cars,حراج السيارات,Volvo,فولفو,https://haraj.com.sa/en/tags/فولفو,S 80,S 80,https://haraj.com.sa/en/tags/S 80
Cars,حراج السيارات,Volvo,فولفو,https://haraj.com.sa/en/tags/فولفو,XC90,XC90,https://haraj.com.sa/en/tags/XC90
Cars,حراج السيارات,Volvo,فولفو,https://haraj.com.sa/en/tags/فولفو,XC60,XC60,https://haraj.com.sa/en/tags/XC60
Cars,حراج السيارات,Volvo,فولفو,https://haraj.com.sa/en/tags/فولفو,S60,S60,https://haraj.com.sa/en/tags/S60
Cars,حراج السيارات,Volvo,فولفو,https://haraj.com.sa/en/tags/فولفو,S 40,S 40,https://haraj.com.sa/en/tags/S 40
Cars,حراج السيارات,Volvo,فولفو,https://haraj.com.sa/en/tags/فولفو,S90,S90,https://haraj.com.sa/en/tags/S90
Cars,حراج السيارات,Volvo,فولفو,https://haraj.com.sa/en/tags/فولفو,XC40,XC40,https://haraj.com.sa/en/tags/XC40
Cars,حراج السيارات,Volvo,فولفو,https://haraj.com.sa/en/tags/فولفو,S 60R,S 60R,https://haraj.com.sa/en/tags/S 60R
Cars,حراج السيارات,Volvo,فولفو,https://haraj.com.sa/en/tags/فولفو,V 70XC,V 70XC,https://haraj.com.sa/en/tags/V 70XC
Cars,حراج السيارات,Volvo,فولفو,https://haraj.com.sa/en/tags/فولفو,S 70,S 70,https://haraj.com.sa/en/tags/S 70
Cars,حراج السيارات,Volvo,فولفو,https://haraj.com.sa/en/tags/فولفو,C 70,C 70,https://haraj.com.sa/en/tags/C 70
Cars,حراج السيارات,Volvo,فولفو,https://haraj.com.sa/en/tags/فولفو,850,850,https://haraj.com.sa/en/tags/850
Cars,حراج السيارات,Volvo,فولفو,https://haraj.com.sa/en/tags/فولفو,960,960,https://haraj.com.sa/en/tags/960
Cars,حراج السيارات,MAXUS,ماكسيس,https://haraj.com.sa/en/tags/ماكسيس,Maxus T60,ماكسيس T60,https://haraj.com.sa/en/tags/ماكسيس T60
Cars,حراج السيارات,MAXUS,ماكسيس,https://haraj.com.sa/en/tags/ماكسيس,D60,D60,https://haraj.com.sa/en/tags/D60
Cars,حراج السيارات,MAXUS,ماكسيس,https://haraj.com.sa/en/tags/ماكسيس,T70,T70,https://haraj.com.sa/en/tags/T70
Cars,حراج السيارات,MAXUS,ماكسيس,https://haraj.com.sa/en/tags/ماكسيس,D90,D90,https://haraj.com.sa/en/tags/D90
Cars,حراج السيارات,MAXUS,ماكسيس,https://haraj.com.sa/en/tags/ماكسيس,Maxus T90,ماكسيس T90,https://haraj.com.sa/en/tags/ماكسيس T90
Cars,حراج السيارات,MAXUS,ماكسيس,https://haraj.com.sa/en/tags/ماكسيس,G50,G50,https://haraj.com.sa/en/tags/G50
Cars,حراج السيارات,MAXUS,ماكسيس,https://haraj.com.sa/en/tags/ماكسيس,D90 Pro,D90 برو,https://haraj.com.sa/en/tags/D90 برو
Cars,حراج السيارات,MAXUS,ماكسيس,https://haraj.com.sa/en/tags/ماكسيس,V90,V90,https://haraj.com.sa/en/tags/V90
Cars,حراج السيارات,MAXUS,ماكسيس,https://haraj.com.sa/en/tags/ماكسيس,Maxus V80,ماكسيس V80,https://haraj.com.sa/en/tags/ماكسيس V80
Cars,حراج السيارات,MAXUS,ماكسيس,https://haraj.com.sa/en/tags/ماكسيس,Maxus G90,ماكسيس G90,https://haraj.com.sa/en/tags/ماكسيس G90
Cars,حراج السيارات,MAXUS,ماكسيس,https://haraj.com.sa/en/tags/ماكسيس,60 Tornado,60 تورنيدو,https://haraj.com.sa/en/tags/60 تورنيدو
Cars,حراج السيارات,MAXUS,ماكسيس,https://haraj.com.sa/en/tags/ماكسيس,G10,G10,https://haraj.com.sa/en/tags/G10
Cars,حراج السيارات,SABB,ساب,https://haraj.com.sa/en/tags/ساب,,,
Cars,حراج السيارات,TATA,تاتا,https://haraj.com.sa/en/tags/تاتا,XENON,زينون,https://haraj.com.sa/en/tags/زينون
Cars,حراج السيارات,Subaru,سوبارو,https://haraj.com.sa/en/tags/سوبارو,Legacy,ليجاسي,https://haraj.com.sa/en/tags/ليجاسي
Cars,حراج السيارات,Subaru,سوبارو,https://haraj.com.sa/en/tags/سوبارو,Forrester,فورستر,https://haraj.com.sa/en/tags/فورستر
Cars,حراج السيارات,Subaru,سوبارو,https://haraj.com.sa/en/tags/سوبارو,Impreza,امبريزا,https://haraj.com.sa/en/tags/امبريزا
Cars,حراج السيارات,Subaru,سوبارو,https://haraj.com.sa/en/tags/سوبارو,WRX STI,WRX STI,https://haraj.com.sa/en/tags/WRX STI
Cars,حراج السيارات,Subaru,سوبارو,https://haraj.com.sa/en/tags/سوبارو,WRX,WRX,https://haraj.com.sa/en/tags/WRX
Cars,حراج السيارات,Subaru,سوبارو,https://haraj.com.sa/en/tags/سوبارو,XV,XV,https://haraj.com.sa/en/tags/XV
Cars,حراج السيارات,Subaru,سوبارو,https://haraj.com.sa/en/tags/سوبارو,Outback,اوت باك,https://haraj.com.sa/en/tags/اوت باك
Cars,حراج السيارات,Lamborghini,لامبورجيني,https://haraj.com.sa/en/tags/لامبورجيني,Urus,اوروس,https://haraj.com.sa/en/tags/اوروس
Cars,حراج السيارات,Lamborghini,لامبورجيني,https://haraj.com.sa/en/tags/لامبورجيني,Huracan,هوراكان,https://haraj.com.sa/en/tags/هوراكان
Cars,حراج السيارات,Lamborghini,لامبورجيني,https://haraj.com.sa/en/tags/لامبورجيني,Aventador,افنتادور,https://haraj.com.sa/en/tags/افنتادور
Cars,حراج السيارات,Lamborghini,لامبورجيني,https://haraj.com.sa/en/tags/لامبورجيني,Gallardo,غالاردو,https://haraj.com.sa/en/tags/غالاردو
Cars,حراج السيارات,Lucid,لوسيد,https://haraj.com.sa/en/tags/لوسيد,Air,اير,https://haraj.com.sa/en/tags/اير
Cars,حراج السيارات,Lucid,لوسيد,https://haraj.com.sa/en/tags/لوسيد,Gravity,جرافيتي,https://haraj.com.sa/en/tags/جرافيتي
Cars,حراج السيارات,Buick,بيوك,https://haraj.com.sa/en/tags/بيوك,,,
Cars,حراج السيارات,Hongqi,هونشي,https://haraj.com.sa/en/tags/هونشي,Ousado,اوسادو,https://haraj.com.sa/en/tags/اوسادو
Cars,حراج السيارات,Hongqi,هونشي,https://haraj.com.sa/en/tags/هونشي,H5,هونشي H5,https://haraj.com.sa/en/tags/هونشي H5
Cars,حراج السيارات,Hongqi,هونشي,https://haraj.com.sa/en/tags/هونشي,HS5,هونشي HS5,https://haraj.com.sa/en/tags/هونشي HS5
Cars,حراج السيارات,Hongqi,هونشي,https://haraj.com.sa/en/tags/هونشي,H9,هونشي H9,https://haraj.com.sa/en/tags/هونشي H9
Cars,حراج السيارات,Hongqi,هونشي,https://haraj.com.sa/en/tags/هونشي,EHS9,هونشي EHS9,https://haraj.com.sa/en/tags/هونشي EHS9
Cars,حراج السيارات,Hongqi,هونشي,https://haraj.com.sa/en/tags/هونشي,HS3,هونشي HS3,https://haraj.com.sa/en/tags/هونشي HS3
Cars,حراج السيارات,Jaecoo,جايكو,https://haraj.com.sa/en/tags/جايكو,J5,جايكو J5,https://haraj.com.sa/en/tags/جايكو J5
Cars,حراج السيارات,Jaecoo,جايكو,https://haraj.com.sa/en/tags/جايكو,J8,جايكو J8,https://haraj.com.sa/en/tags/جايكو J8
Cars,حراج السيارات,Jaecoo,جايكو,https://haraj.com.sa/en/tags/جايكو,J7,جايكو J7,https://haraj.com.sa/en/tags/جايكو J7
Cars,حراج السيارات,SMART,سمارت,https://haraj.com.sa/en/tags/سمارت,,,
Cars,حراج السيارات,SsangYong,سانج يونج,https://haraj.com.sa/en/tags/سانج يونج,Rexton,ريكستون,https://haraj.com.sa/en/tags/ريكستون
Cars,حراج السيارات,SsangYong,سانج يونج,https://haraj.com.sa/en/tags/سانج يونج,Torres,توريس,https://haraj.com.sa/en/tags/توريس
Cars,حراج السيارات,SsangYong,سانج يونج,https://haraj.com.sa/en/tags/سانج يونج,Tivoli,تيفولي,https://haraj.com.sa/en/tags/تيفولي
Cars,حراج السيارات,SsangYong,سانج يونج,https://haraj.com.sa/en/tags/سانج يونج,Musso,موسو,https://haraj.com.sa/en/tags/موسو
Cars,حراج السيارات,SsangYong,سانج يونج,https://haraj.com.sa/en/tags/سانج يونج,Actyon,اكتيون,https://haraj.com.sa/en/tags/اكتيون
Cars,حراج السيارات,SsangYong,سانج يونج,https://haraj.com.sa/en/tags/سانج يونج,Korando,كوراندو,https://haraj.com.sa/en/tags/كوراندو
Cars,حراج السيارات,SsangYong,سانج يونج,https://haraj.com.sa/en/tags/سانج يونج,XLV,XLV,https://haraj.com.sa/en/tags/XLV
Cars,حراج السيارات,Skoda,سكودا,https://haraj.com.sa/en/tags/سكودا,Kodiaq,كودياك,https://haraj.com.sa/en/tags/كودياك
Cars,حراج السيارات,Skoda,سكودا,https://haraj.com.sa/en/tags/سكودا,Octavia,اوكتافيا,https://haraj.com.sa/en/tags/أوكتافيا
Cars,حراج السيارات,Skoda,سكودا,https://haraj.com.sa/en/tags/سكودا,Fabia,فابيا,https://haraj.com.sa/en/tags/فابيا
Cars,حراج السيارات,Skoda,سكودا,https://haraj.com.sa/en/tags/سكودا,Superb,سوبيرب,https://haraj.com.sa/en/tags/سوبيرب
Cars,حراج السيارات,Skoda,سكودا,https://haraj.com.sa/en/tags/سكودا,Rapid,رابيد,https://haraj.com.sa/en/tags/رابيد
Cars,حراج السيارات,Skoda,سكودا,https://haraj.com.sa/en/tags/سكودا,Karoq,كاروك,https://haraj.com.sa/en/tags/كاروك
Cars,حراج السيارات,Lynk & Co,لينك اند كو,https://haraj.com.sa/en/tags/لينك اند كو,03 plus,03 بلس,https://haraj.com.sa/en/tags/03 بلس
Cars,حراج السيارات,Lynk & Co,لينك اند كو,https://haraj.com.sa/en/tags/لينك اند كو,06,لينك اند كو 06,https://haraj.com.sa/en/tags/لينك اند كو 06
Cars,حراج السيارات,Lynk & Co,لينك اند كو,https://haraj.com.sa/en/tags/لينك اند كو,01,01,https://haraj.com.sa/en/tags/01
Cars,حراج السيارات,Lynk & Co,لينك اند كو,https://haraj.com.sa/en/tags/لينك اند كو,03,03,https://haraj.com.sa/en/tags/03
Cars,حراج السيارات,Lynk & Co,لينك اند كو,https://haraj.com.sa/en/tags/لينك اند كو,05,05,https://haraj.com.sa/en/tags/05
Cars,حراج السيارات,Lynk & Co,لينك اند كو,https://haraj.com.sa/en/tags/لينك اند كو,09,09,https://haraj.com.sa/en/tags/09
Cars,حراج السيارات,Ferrari,فيراري,https://haraj.com.sa/en/tags/فيراري,488 PISTA,488 PISTA,https://haraj.com.sa/en/tags/488 PISTA
Cars,حراج السيارات,Ferrari,فيراري,https://haraj.com.sa/en/tags/فيراري,Break up,F8,https://haraj.com.sa/en/tags/F8
Cars,حراج السيارات,Ferrari,فيراري,https://haraj.com.sa/en/tags/فيراري,Roma,Roma,https://haraj.com.sa/en/tags/Roma
Cars,حراج السيارات,Ferrari,فيراري,https://haraj.com.sa/en/tags/فيراري,SF90,SF90,https://haraj.com.sa/en/tags/SF90
Cars,حراج السيارات,Ferrari,فيراري,https://haraj.com.sa/en/tags/فيراري,GTC4,GTC4,https://haraj.com.sa/en/tags/GTC4
Cars,حراج السيارات,Ferrari,فيراري,https://haraj.com.sa/en/tags/فيراري,MONZA,MONZA,https://haraj.com.sa/en/tags/MONZA
Cars,حراج السيارات,Ferrari,فيراري,https://haraj.com.sa/en/tags/فيراري,812,812,https://haraj.com.sa/en/tags/812
Cars,حراج السيارات,ROX,روكس,https://haraj.com.sa/en/tags/روكس,01,روكس 01,https://haraj.com.sa/en/tags/روكس 01
Cars,حراج السيارات,Aston Martin,استون مارتن,https://haraj.com.sa/en/tags/استون مارتن,DBS,DBS,https://haraj.com.sa/en/tags/DBS
Cars,حراج السيارات,Aston Martin,استون مارتن,https://haraj.com.sa/en/tags/استون مارتن,Vantage,فانتاج,https://haraj.com.sa/en/tags/فانتاج
Cars,حراج السيارات,Aston Martin,استون مارتن,https://haraj.com.sa/en/tags/استون مارتن,DB11,DB11,https://haraj.com.sa/en/tags/DB11
Cars,حراج السيارات,Aston Martin,استون مارتن,https://haraj.com.sa/en/tags/استون مارتن,Rapide S,رابيد اس,https://haraj.com.sa/en/tags/رابيد اس
Cars,حراج السيارات,Seat,سيات,https://haraj.com.sa/en/tags/سيات,,,
Cars,حراج السيارات,Lifan,ليفان,https://haraj.com.sa/en/tags/ليفان,,,
Cars,حراج السيارات,ZXAUTO,ZXAUTO,https://haraj.com.sa/en/tags/ZXAUTO,Grand Tiger,جرامد تايجر,https://haraj.com.sa/en/tags/جرامد تايجر
Cars,حراج السيارات,ZXAUTO,ZXAUTO,https://haraj.com.sa/en/tags/ZXAUTO,Admiral,ادميرال,https://haraj.com.sa/en/tags/ادميرال
Cars,حراج السيارات,Citroen,سيتروين,https://haraj.com.sa/en/tags/سيتروين,Berlingo,برلنجو,https://haraj.com.sa/en/tags/برلنجو
Cars,حراج السيارات,Citroen,سيتروين,https://haraj.com.sa/en/tags/سيتروين,C3,C3,https://haraj.com.sa/en/tags/C3
Cars,حراج السيارات,Citroen,سيتروين,https://haraj.com.sa/en/tags/سيتروين,C4,C4,https://haraj.com.sa/en/tags/C4
Cars,حراج السيارات,Citroen,سيتروين,https://haraj.com.sa/en/tags/سيتروين,C6,C6,https://haraj.com.sa/en/tags/C6
Cars,حراج السيارات,Citroen,سيتروين,https://haraj.com.sa/en/tags/سيتروين,Regency,ربجنسي,https://haraj.com.sa/en/tags/ربجنسي
Cars,حراج السيارات,Citroen,سيتروين,https://haraj.com.sa/en/tags/سيتروين,C2,C2,https://haraj.com.sa/en/tags/C2
Cars,حراج السيارات,Citroen,سيتروين,https://haraj.com.sa/en/tags/سيتروين,Xara,اكسارا,https://haraj.com.sa/en/tags/اكسارا
Cars,حراج السيارات,Citroen,سيتروين,https://haraj.com.sa/en/tags/سيتروين,C1,C1,https://haraj.com.sa/en/tags/C1
Cars,حراج السيارات,Mercury,ميركوري,https://haraj.com.sa/en/tags/ميركوري,Mountaineer,مونتنير,https://haraj.com.sa/en/tags/مونتنير
Cars,حراج السيارات,Mercury,ميركوري,https://haraj.com.sa/en/tags/ميركوري,Marauder,مارودر,https://haraj.com.sa/en/tags/مارودر
Cars,حراج السيارات,VICTORY AUTO,فيكتوري اوتو,https://haraj.com.sa/en/tags/فيكتوري اوتو,,,
Cars,حراج السيارات,EXEED,اكسيد,https://haraj.com.sa/en/tags/اكسيد,txl,TXL,https://haraj.com.sa/en/tags/TXL
Cars,حراج السيارات,EXEED,اكسيد,https://haraj.com.sa/en/tags/اكسيد,Exeed LX,اكسيد LX,https://haraj.com.sa/en/tags/اكسيد LX
Cars,حراج السيارات,EXEED,اكسيد,https://haraj.com.sa/en/tags/اكسيد,VX,VX,https://haraj.com.sa/en/tags/VX
Cars,حراج السيارات,CMC,سي ام سي,https://haraj.com.sa/en/tags/سي ام سي,,,
Cars,حراج السيارات,Alfa Romeo,الفا روميو,https://haraj.com.sa/en/tags/الفا روميو,GIULIA,جوليا,https://haraj.com.sa/en/tags/جوليا
Cars,حراج السيارات,Alfa Romeo,الفا روميو,https://haraj.com.sa/en/tags/الفا روميو,STELVIO,ستلفيو,https://haraj.com.sa/en/tags/ستلفيو
Cars,حراج السيارات,Alfa Romeo,الفا روميو,https://haraj.com.sa/en/tags/الفا روميو,GIULIETTA,جوليتا,https://haraj.com.sa/en/tags/جوليتا
Cars,حراج السيارات,Tesla,تسلا,https://haraj.com.sa/en/tags/تسلا,Model 3,موديل 3,https://haraj.com.sa/en/tags/موديل 3
Cars,حراج السيارات,Tesla,تسلا,https://haraj.com.sa/en/tags/تسلا,Model Y,موديل Y,https://haraj.com.sa/en/tags/موديل Y
Cars,حراج السيارات,Tesla,تسلا,https://haraj.com.sa/en/tags/تسلا,Cybertruck,سايبر ترك,https://haraj.com.sa/en/tags/سايبر ترك
Cars,حراج السيارات,Soueaste,ساوايست,https://haraj.com.sa/en/tags/ساوايست,S07,ساوايست S07,https://haraj.com.sa/en/tags/ساوايست S07
Cars,حراج السيارات,Soueaste,ساوايست,https://haraj.com.sa/en/tags/ساوايست,S06,ساوايست S06,https://haraj.com.sa/en/tags/ساوايست S06
Cars,حراج السيارات,Soueaste,ساوايست,https://haraj.com.sa/en/tags/ساوايست,S09,ساوايست S09,https://haraj.com.sa/en/tags/ساوايست S09
Cars,حراج السيارات,Mahindra,ماهيندرا,https://haraj.com.sa/en/tags/ماهيندرا,,,
Cars,حراج السيارات,Renault,رينو,https://haraj.com.sa/en/tags/رينو,Dokker Van,دوكر فان,https://haraj.com.sa/en/tags/دوكر فان
Cars,حراج السيارات,Renault,رينو,https://haraj.com.sa/en/tags/رينو,Duster,داستر,https://haraj.com.sa/en/tags/داستر
Cars,حراج السيارات,Renault,رينو,https://haraj.com.sa/en/tags/رينو,Fluence,فلوانس,https://haraj.com.sa/en/tags/فلوانس
Cars,حراج السيارات,Renault,رينو,https://haraj.com.sa/en/tags/رينو,Symbol,سيمبول,https://haraj.com.sa/en/tags/سيمبول
Cars,حراج السيارات,Renault,رينو,https://haraj.com.sa/en/tags/رينو,Megane,ميغان,https://haraj.com.sa/en/tags/ميغان
Cars,حراج السيارات,Renault,رينو,https://haraj.com.sa/en/tags/رينو,Koleos,كوليوس,https://haraj.com.sa/en/tags/كوليوس
Cars,حراج السيارات,Renault,رينو,https://haraj.com.sa/en/tags/رينو,Talisman,تاليسمان,https://haraj.com.sa/en/tags/تاليسمان
Cars,حراج السيارات,Renault,رينو,https://haraj.com.sa/en/tags/رينو,Safrane,سافران,https://haraj.com.sa/en/tags/سافران
Cars,حراج السيارات,Renault,رينو,https://haraj.com.sa/en/tags/رينو,Master,ماستر,https://haraj.com.sa/en/tags/ماستر
Cars,حراج السيارات,Renault,رينو,https://haraj.com.sa/en/tags/رينو,Laguna,لاغونا,https://haraj.com.sa/en/tags/لاغونا
Cars,حراج السيارات,Renault,رينو,https://haraj.com.sa/en/tags/رينو,Capture,كابتشر,https://haraj.com.sa/en/tags/كابتشر
Cars,حراج السيارات,Renault,رينو,https://haraj.com.sa/en/tags/رينو,Clio,كليو,https://haraj.com.sa/en/tags/كليو
Cars,حراج السيارات,Renault,رينو,https://haraj.com.sa/en/tags/رينو,Megane GT,ميجان GT,https://haraj.com.sa/en/tags/ميجان GT
Cars,حراج السيارات,Renault,رينو,https://haraj.com.sa/en/tags/رينو,Megane RS,ميجان RS,https://haraj.com.sa/en/tags/ميجان RS
Cars,حراج السيارات,McLaren,ماكلارين,https://haraj.com.sa/en/tags/ماكلارين,,,
Cars,حراج السيارات,Huanghai,هانجاي,https://haraj.com.sa/en/tags/هانجاي,,,
Cars,حراج السيارات,Zotye,زوتي,https://haraj.com.sa/en/tags/زوتي,,,
Cars,حراج السيارات,OMODA,امودا,https://haraj.com.sa/en/tags/امودا,C5,امودا C5,https://haraj.com.sa/en/tags/امودا C5
Cars,حراج السيارات,Opel,اوبل,https://haraj.com.sa/en/tags/اوبل,Astra,استرا,https://haraj.com.sa/en/tags/استرا
Cars,حراج السيارات,Opel,اوبل,https://haraj.com.sa/en/tags/اوبل,Rekord,ريكورد,https://haraj.com.sa/en/tags/ريكورد
Cars,حراج السيارات,Lotus,لوتس,https://haraj.com.sa/en/tags/لوتس,,,
Cars,حراج السيارات,INEOS,اينيوس,https://haraj.com.sa/en/tags/اينيوس,Grenadier,جرينادير,https://haraj.com.sa/en/tags/جرينادير
Cars,حراج السيارات,Daewoo,دايو,https://haraj.com.sa/en/tags/دايو,Leganza,ليجانزا,https://haraj.com.sa/en/tags/ليجانزا
Cars,حراج السيارات,Daewoo,دايو,https://haraj.com.sa/en/tags/دايو,Lanos,لانوس,https://haraj.com.sa/en/tags/لانوس
Cars,حراج السيارات,Daewoo,دايو,https://haraj.com.sa/en/tags/دايو,Nubira,نوبيرا,https://haraj.com.sa/en/tags/نوبيرا
Cars,حراج السيارات,Daewoo,دايو,https://haraj.com.sa/en/tags/دايو,Mats,ماتز,https://haraj.com.sa/en/tags/ماتز
Cars,حراج السيارات,KAIYI,كايي,https://haraj.com.sa/en/tags/كايي,X3,كايي X3,https://haraj.com.sa/en/tags/كايي X3
Cars,حراج السيارات,KAIYI,كايي,https://haraj.com.sa/en/tags/كايي,X7,كايي X7,https://haraj.com.sa/en/tags/كايي X7
Cars,حراج السيارات,KAIYI,كايي,https://haraj.com.sa/en/tags/كايي,X3 Pro,كايي X3 Pro,https://haraj.com.sa/en/tags/كايي X3 Pro
Cars,حراج السيارات,KAIYI,كايي,https://haraj.com.sa/en/tags/كايي,E5,كايي E5,https://haraj.com.sa/en/tags/كايي E5
Cars,حراج السيارات,Proton,بروتون,https://haraj.com.sa/en/tags/بروتون,GEN•2,جن2,https://haraj.com.sa/en/tags/جن2
Cars,حراج السيارات,Proton,بروتون,https://haraj.com.sa/en/tags/بروتون,Waja,واجا,https://haraj.com.sa/en/tags/واجا
Cars,حراج السيارات,Proton,بروتون,https://haraj.com.sa/en/tags/بروتون,Persona,بيرسونا,https://haraj.com.sa/en/tags/بيرسونا
Devices,حراج الأجهزة,Phones,جوالات,https://haraj.com.sa/en/tags/جوالات,Apple,ابل Apple,https://haraj.com.sa/en/tags/ابل Apple
Devices,حراج الأجهزة,Phones,جوالات,https://haraj.com.sa/en/tags/جوالات,Sony,سوني Sony,https://haraj.com.sa/en/tags/سوني Sony
Devices,حراج الأجهزة,Phones,جوالات,https://haraj.com.sa/en/tags/جوالات,Samsung,سامسونج Samsung,https://haraj.com.sa/en/tags/سامسونج Samsung
Devices,حراج الأجهزة,Phones,جوالات,https://haraj.com.sa/en/tags/جوالات,Huawei,هواوي Huawei,https://haraj.com.sa/en/tags/هواوي Huawei
Devices,حراج الأجهزة,Phones,جوالات,https://haraj.com.sa/en/tags/جوالات,Nokia,نوكيا Nokia,https://haraj.com.sa/en/tags/نوكيا Nokia
Devices,حراج الأجهزة,Phones,جوالات,https://haraj.com.sa/en/tags/جوالات,BlackBerry,بلاك بيري BlackBerry,https://haraj.com.sa/en/tags/بلاك بيري BlackBerry
Devices,حراج الأجهزة,Phones,جوالات,https://haraj.com.sa/en/tags/جوالات,htc,اتش تي سي htc,https://haraj.com.sa/en/tags/اتش تي سي htc
Devices,حراج الأجهزة,Computers,اجهزة كمبيوتر,https://haraj.com.sa/en/tags/أجهزة كمبيوتر,Networking,اجهزة شبكات,https://haraj.com.sa/en/tags/أجهزة شبكات
Devices,حراج الأجهزة,Computers,اجهزة كمبيوتر,https://haraj.com.sa/en/tags/أجهزة كمبيوتر,Computers Accessories,ملحقات كمبيوتر,https://haraj.com.sa/en/tags/ملحقات كمبيوتر
Devices,حراج الأجهزة,Computers,اجهزة كمبيوتر,https://haraj.com.sa/en/tags/أجهزة كمبيوتر,PC,كمبيوتر مكتبي,https://haraj.com.sa/en/tags/كمبيوتر مكتبي
Devices,حراج الأجهزة,Computers,اجهزة كمبيوتر,https://haraj.com.sa/en/tags/أجهزة كمبيوتر,Laptops,لابتوب,https://haraj.com.sa/en/tags/لابتوب
Devices,حراج الأجهزة,Computers,اجهزة كمبيوتر,https://haraj.com.sa/en/tags/أجهزة كمبيوتر,Displays & Projectors,شاشات وبرجكتر,https://haraj.com.sa/en/tags/شاشات وبرجكتر
Devices,حراج الأجهزة,Computers,اجهزة كمبيوتر,https://haraj.com.sa/en/tags/أجهزة كمبيوتر,Printers & Scanners,طابعات وماسحات,https://haraj.com.sa/en/tags/طابعات وماسحات
Devices,حراج الأجهزة,Home & Kitchen Appliances,اجهزة منزليه,https://haraj.com.sa/en/tags/اجهزة منزليه,Cooker and oven,بوتاجاز وفرن,https://haraj.com.sa/en/tags/بوتاجاز وفرن
Devices,حراج الأجهزة,Home & Kitchen Appliances,اجهزة منزليه,https://haraj.com.sa/en/tags/اجهزة منزليه,air conditioner,مكيف,https://haraj.com.sa/en/tags/مكيف
Devices,حراج الأجهزة,Home & Kitchen Appliances,اجهزة منزليه,https://haraj.com.sa/en/tags/اجهزة منزليه,washing machine,غسالة,https://haraj.com.sa/en/tags/غسالة
Devices,حراج الأجهزة,Home & Kitchen Appliances,اجهزة منزليه,https://haraj.com.sa/en/tags/اجهزة منزليه,Refrigerators,ثلاجة وبرادة,https://haraj.com.sa/en/tags/ثلاجة وبرادة
Devices,حراج الأجهزة,Home & Kitchen Appliances,اجهزة منزليه,https://haraj.com.sa/en/tags/اجهزة منزليه,Coffee machine,ماكينة قهوة,https://haraj.com.sa/en/tags/ماكينة قهوة
Devices,حراج الأجهزة,Home & Kitchen Appliances,اجهزة منزليه,https://haraj.com.sa/en/tags/اجهزة منزليه,Iron,مكواة ملابس,https://haraj.com.sa/en/tags/مكواة ملابس
Devices,حراج الأجهزة,Home & Kitchen Appliances,اجهزة منزليه,https://haraj.com.sa/en/tags/اجهزة منزليه,Microwave and Toasters,مايكرويف وحماصات,https://haraj.com.sa/en/tags/مايكرويف وحماصات
Devices,حراج الأجهزة,Home & Kitchen Appliances,اجهزة منزليه,https://haraj.com.sa/en/tags/اجهزة منزليه,mixers,عجانة وخلاط,https://haraj.com.sa/en/tags/عجانة وخلاط
Devices,حراج الأجهزة,Home & Kitchen Appliances,اجهزة منزليه,https://haraj.com.sa/en/tags/اجهزة منزليه,boiler,غلاية,https://haraj.com.sa/en/tags/غلاية
Devices,حراج الأجهزة,Home & Kitchen Appliances,اجهزة منزليه,https://haraj.com.sa/en/tags/اجهزة منزليه,frying pan,قلاية,https://haraj.com.sa/en/tags/قلاية
Devices,حراج الأجهزة,Home & Kitchen Appliances,اجهزة منزليه,https://haraj.com.sa/en/tags/اجهزة منزليه,Vacuum Cleaner,مكنسة كهربائية,https://haraj.com.sa/en/tags/مكنسة كهربائية
Devices,حراج الأجهزة,Home & Kitchen Appliances,اجهزة منزليه,https://haraj.com.sa/en/tags/اجهزة منزليه,Other home appliances,اجهزة منزلية اخري,https://haraj.com.sa/en/tags/اجهزة منزلية اخرى
Devices,حراج الأجهزة,Accounts and Subscriptions,حسابات واشتراكات,https://haraj.com.sa/en/tags/حسابات واشتراكات,Pubg,ببجي,https://haraj.com.sa/en/tags/ببجي
Devices,حراج الأجهزة,Accounts and Subscriptions,حسابات واشتراكات,https://haraj.com.sa/en/tags/حسابات واشتراكات,Fortnite,فورت نايت,https://haraj.com.sa/en/tags/فورت نايت
Devices,حراج الأجهزة,Accounts and Subscriptions,حسابات واشتراكات,https://haraj.com.sa/en/tags/حسابات واشتراكات,Tik Tok accounts,حسابات تيك توك,https://haraj.com.sa/en/tags/حسابات تيك توك
Devices,حراج الأجهزة,Accounts and Subscriptions,حسابات واشتراكات,https://haraj.com.sa/en/tags/حسابات واشتراكات,FIFA,فيفا,https://haraj.com.sa/en/tags/فيفا
Devices,حراج الأجهزة,Accounts and Subscriptions,حسابات واشتراكات,https://haraj.com.sa/en/tags/حسابات واشتراكات,Snapchat accounts,حسابات سناب شات,https://haraj.com.sa/en/tags/حسابات سناب شات
Devices,حراج الأجهزة,Accounts and Subscriptions,حسابات واشتراكات,https://haraj.com.sa/en/tags/حسابات واشتراكات,Instagram accounts,حسابات انستقرام,https://haraj.com.sa/en/tags/حسابات انستقرام
Devices,حراج الأجهزة,Accounts and Subscriptions,حسابات واشتراكات,https://haraj.com.sa/en/tags/حسابات واشتراكات,YouTube accounts,حسابات يوتيوب,https://haraj.com.sa/en/tags/حسابات يوتيوب
Devices,حراج الأجهزة,Accounts and Subscriptions,حسابات واشتراكات,https://haraj.com.sa/en/tags/حسابات واشتراكات,Clash Royale,كلاش رويال,https://haraj.com.sa/en/tags/كلاش رويال
Devices,حراج الأجهزة,Accounts and Subscriptions,حسابات واشتراكات,https://haraj.com.sa/en/tags/حسابات واشتراكات,Clash of Clans,كلاش اوفكلانس,https://haraj.com.sa/en/tags/كلاش اوفكلانس
Devices,حراج الأجهزة,Accounts and Subscriptions,حسابات واشتراكات,https://haraj.com.sa/en/tags/حسابات واشتراكات,Twitter accounts,حسابات تويتر,https://haraj.com.sa/en/tags/حسابات تويتر
Devices,حراج الأجهزة,Accounts and Subscriptions,حسابات واشتراكات,https://haraj.com.sa/en/tags/حسابات واشتراكات,Facebook accounts,حسابات فيس بوك,https://haraj.com.sa/en/tags/حسابات فيس بوك
Devices,حراج الأجهزة,Accounts and Subscriptions,حسابات واشتراكات,https://haraj.com.sa/en/tags/حسابات واشتراكات,Other Accounts,حسابات اخري,https://haraj.com.sa/en/tags/حسابات أخرى
Devices,حراج الأجهزة,TV & Audio,تلفزيونات وصوتيات,https://haraj.com.sa/en/tags/تلفزيونات وصوتيات,TV,تلفزيونات,https://haraj.com.sa/en/tags/تلفزيونات
Devices,حراج الأجهزة,TV & Audio,تلفزيونات وصوتيات,https://haraj.com.sa/en/tags/تلفزيونات وصوتيات,Audio,صوتيات,https://haraj.com.sa/en/tags/صوتيات
Devices,حراج الأجهزة,TV & Audio,تلفزيونات وصوتيات,https://haraj.com.sa/en/tags/تلفزيونات وصوتيات,Receivers,رسيفرات,https://haraj.com.sa/en/tags/رسيفرات
Devices,حراج الأجهزة,Digital Cameras,كاميرات تصوير,https://haraj.com.sa/en/tags/كاميرات تصوير,Cameras,كاميرات,https://haraj.com.sa/en/tags/كاميرات
Devices,حراج الأجهزة,Digital Cameras,كاميرات تصوير,https://haraj.com.sa/en/tags/كاميرات تصوير,Cameras Accessories,ملحقات كاميرات,https://haraj.com.sa/en/tags/ملحقات كاميرات
Devices,حراج الأجهزة,Digital Cameras,كاميرات تصوير,https://haraj.com.sa/en/tags/كاميرات تصوير,Drones,درون,https://haraj.com.sa/en/tags/درون
Devices,حراج الأجهزة,Digital Cameras,كاميرات تصوير,https://haraj.com.sa/en/tags/كاميرات تصوير,Lenses,عدسات,https://haraj.com.sa/en/tags/عدسات
Devices,حراج الأجهزة,Special Numbers,ارقام مميزة,https://haraj.com.sa/en/tags/أرقام مميزة,Special Numbers from STC,ارقام مميزة من الاتصالات السعودية STC,https://haraj.com.sa/en/tags/ارقام مميزة من الاتصالات السعودية STC
Devices,حراج الأجهزة,Special Numbers,ارقام مميزة,https://haraj.com.sa/en/tags/أرقام مميزة,Special Numbers from Mobily,ارقام مميزة من موبايلي Mobily,https://haraj.com.sa/en/tags/ارقام مميزة من موبايلي Mobily
Devices,حراج الأجهزة,Special Numbers,ارقام مميزة,https://haraj.com.sa/en/tags/أرقام مميزة,Special Numbers from Zain,ارقام مميزة من زين Zain,https://haraj.com.sa/en/tags/ارقام مميزة من زين Zain
Devices,حراج الأجهزة,Generators,مواطير ومولدات,https://haraj.com.sa/en/tags/مواطير ومولدات,,,
Devices,حراج الأجهزة,Gaming,العاب الكترونية,https://haraj.com.sa/en/tags/ألعاب إلكترونية,PlayStation,اجهزة بلاي ستيشن PS,https://haraj.com.sa/en/tags/اجهزة بلاي ستيشن PS
Devices,حراج الأجهزة,Gaming,العاب الكترونية,https://haraj.com.sa/en/tags/ألعاب إلكترونية,PlayStation Games,العاب بلاي ستيشن PS,https://haraj.com.sa/en/tags/العاب بلاي ستيشن PS
Devices,حراج الأجهزة,Gaming,العاب الكترونية,https://haraj.com.sa/en/tags/ألعاب إلكترونية,Nintendo,نينتندو,https://haraj.com.sa/en/tags/نينتندو
Devices,حراج الأجهزة,Gaming,العاب الكترونية,https://haraj.com.sa/en/tags/ألعاب إلكترونية,Xbox,اجهزة اكس بوكس Xbox,https://haraj.com.sa/en/tags/اجهزة اكس بوكس Xbox
Devices,حراج الأجهزة,Gaming,العاب الكترونية,https://haraj.com.sa/en/tags/ألعاب إلكترونية,VR Headsets,نظارات VR,https://haraj.com.sa/en/tags/نظارات VR
Devices,حراج الأجهزة,Gaming,العاب الكترونية,https://haraj.com.sa/en/tags/ألعاب إلكترونية,Xbox Games,العاب اكس بوكس Xbox,https://haraj.com.sa/en/tags/العاب اكس بوكس Xbox
Devices,حراج الأجهزة,Microsoft,مايكروسوفت Microsoft,https://haraj.com.sa/en/tags/مايكروسوفت Microsoft,,,
Devices,حراج الأجهزة,LG,ال جي LG,https://haraj.com.sa/en/tags/ال جي LG,,,
Devices,حراج الأجهزة,Panasonic,باناسونيك Panasonic,https://haraj.com.sa/en/tags/باناسونيك Panasonic,,,
Devices,حراج الأجهزة,Hitachi,هيتاشي Hitachi,https://haraj.com.sa/en/tags/هيتاشي Hitachi,,,
Devices,حراج الأجهزة,Tablets,اجهزة تابلت,https://haraj.com.sa/en/tags/أجهزة تابلت,iPad,ايباد iPad,https://haraj.com.sa/en/tags/ايباد iPad
Devices,حراج الأجهزة,Tablets,اجهزة تابلت,https://haraj.com.sa/en/tags/أجهزة تابلت,GALAXY Tab,جالكسي تاب GALAXY Tab,https://haraj.com.sa/en/tags/جالكسي تاب GALAXY Tab
Devices,حراج الأجهزة,Uncategorized Devices,اجهزة غير مصنفة,https://haraj.com.sa/en/tags/اجهزة غير مصنفة,,,
Real_Estate,حراج العقار,Apartments for Rent,شقق للايجار,https://haraj.com.sa/en/tags/شقق للايجار,,,
Real_Estate,حراج العقار,Lands For Sale,اراضي للبيع,https://haraj.com.sa/en/tags/اراضي للبيع,,,
Real_Estate,حراج العقار,Chalets for rent,استراحات للايجار,https://haraj.com.sa/en/tags/استراحات للايجار,,,
Real_Estate,حراج العقار,Villas for sale,فلل للبيع,https://haraj.com.sa/en/tags/فلل للبيع,,,
Real_Estate,حراج العقار,Apartments for sale,شقق للبيع,https://haraj.com.sa/en/tags/شقق للبيع,,,
Real_Estate,حراج العقار,Shops for waiver,محلات للتقبيل,https://haraj.com.sa/en/tags/محلات للتقبيل,,,
Real_Estate,حراج العقار,Rooms for rent,غرف للايجار,https://haraj.com.sa/en/tags/غرف للايجار,,,
Real_Estate,حراج العقار,Building for sale,عمارة للبيع,https://haraj.com.sa/en/tags/عمارة للبيع,,,
Real_Estate,حراج العقار,Floor Through For Sale,دور للبيع,https://haraj.com.sa/en/tags/دور للبيع,,,
Real_Estate,حراج العقار,Shops for rent,محلات للايجار,https://haraj.com.sa/en/tags/محلات للايجار,,,
Real_Estate,حراج العقار,Villas for rent,فلل للايجار,https://haraj.com.sa/en/tags/فلل للايجار,,,
Real_Estate,حراج العقار,Floors Through for rent,ادوار للايجار,https://haraj.com.sa/en/tags/ادوار للايجار,,,
Real_Estate,حراج العقار,Warehouses for rent,مستودعات للايجار,https://haraj.com.sa/en/tags/مستودعات للايجار,,,
Real_Estate,حراج العقار,Houses for sale,بيوت للبيع,https://haraj.com.sa/en/tags/بيوت للبيع,,,
Real_Estate,حراج العقار,Farms for sale,مزارع للبيع,https://haraj.com.sa/en/tags/مزارع للبيع,,,
Real_Estate,حراج العقار,Offices For Rent,مكاتب للايجار,https://haraj.com.sa/en/tags/مكاتب للايجار,,,
Real_Estate,حراج العقار,Buildings for rent,عماره للايجار,https://haraj.com.sa/en/tags/عماره للايجار,,,
Real_Estate,حراج العقار,Chalets for sale,استراحات للبيع,https://haraj.com.sa/en/tags/استراحات للبيع,,,
Real_Estate,حراج العقار,Commercial Land For Sale,اراضي تجارية للبيع,https://haraj.com.sa/en/tags/اراضي تجارية للبيع,,,
Real_Estate,حراج العقار,Farm for rent,مزرعة للايجار,https://haraj.com.sa/en/tags/مزرعة للايجار,,,
Real_Estate,حراج العقار,Houses for rent,بيوت للايجار,https://haraj.com.sa/en/tags/بيوت للايجار,,,
Real_Estate,حراج العقار,Chalets for sale,شاليهات للبيع,https://haraj.com.sa/en/tags/شاليهات للبيع,,,
Real_Estate,حراج العقار,Warehouse for sale,مستودع للبيع,https://haraj.com.sa/en/tags/مستودع للبيع,,,
Real_Estate,حراج العقار,Camps for rent,مخيمات للايجار,https://haraj.com.sa/en/tags/مخيمات للايجار,,,
Real_Estate,حراج العقار,Compound for sale,كمباوند للبيع,https://haraj.com.sa/en/tags/كمباوند للبيع,,,
Real_Estate,حراج العقار,Compound for rent,كمباوند للايجار,https://haraj.com.sa/en/tags/كمباوند للايجار,,,
Real_Estate,حراج العقار,Hall for rent,قاعة للايجار,https://haraj.com.sa/en/tags/قاعة للايجار,,,
Furniture,اثاث,Houseware,ادوات منزلية,https://haraj.com.sa/en/tags/أدوات منزلية,,,
Furniture,اثاث,Sofas and furnishings,مجالس ومفروشات,https://haraj.com.sa/en/tags/مجالس ومفروشات,,,
Furniture,اثاث,tables and chairs,طاولات وكراسي,https://haraj.com.sa/en/tags/طاولات وكراسي,,,
Furniture,اثاث,Beds and mattresses,اسرة ومراتب,https://haraj.com.sa/en/tags/أسرة ومراتب,,,
Furniture,اثاث,Cabinets and cupboards,خزائن ودواليب,https://haraj.com.sa/en/tags/خزائن ودواليب,,,
Furniture,اثاث,Outdoor furniture,اثاث خارجي,https://haraj.com.sa/en/tags/أثاث خارجي,,,
Furniture,اثاث,Antiques and decor,تحف وديكور,https://haraj.com.sa/en/tags/تحف وديكور,,,
Furniture,اثاث,Office Furniture,اثاث مكتبي,https://haraj.com.sa/en/tags/أثاث مكتبي,,,
Services,خدمات,Construction Services,خدمات مقاولات,https://haraj.com.sa/en/tags/خدمات مقاولات,,,
Services,خدمات,Delivery Services,خدمات التوصيل,https://haraj.com.sa/en/tags/خدمات التوصيل,,,
Services,خدمات,Agent Services,خدمات تعقيب,https://haraj.com.sa/en/tags/خدمات تعقيب,,,
Services,خدمات,Furniture Transfering Services,خدمات نقل العفش,https://haraj.com.sa/en/tags/خدمات نقل العفش,,,
Services,خدمات,Cleaning Services,خدمات نظافة,https://haraj.com.sa/en/tags/خدمات نظافة,,,
Services,خدمات,legal services,خدمات قانونية,https://haraj.com.sa/en/tags/خدمات قانونية,,,
Services,خدمات,Accounting and financial services,خدمات محاسبية ومالية,https://haraj.com.sa/en/tags/خدمات محاسبية ومالية,,,
Services,خدمات,Buying From Foregin Websites Services,خدمات الشراء من المواقع العالمية,https://haraj.com.sa/en/tags/خدمات الشراء من المواقع العالمية,,,
Services,خدمات,Other services,خدمات اخري,https://haraj.com.sa/en/tags/خدمات اخرى,,,
Fashion,مستلزمات شخصية,Women's fashion,ملابس نسائية,https://haraj.com.sa/en/tags/ملابس نسائية,Dresses,فساتين,https://haraj.com.sa/en/tags/فساتين
Fashion,مستلزمات شخصية,Women's fashion,ملابس نسائية,https://haraj.com.sa/en/tags/ملابس نسائية,Women's Jewelry Accessories,اكسسوارات ومجوهرات نسائية,https://haraj.com.sa/en/tags/اكسسوارات ومجوهرات نسائية
Fashion,مستلزمات شخصية,Women's fashion,ملابس نسائية,https://haraj.com.sa/en/tags/ملابس نسائية,women bags,شنط نسائية,https://haraj.com.sa/en/tags/شنط نسائية
Fashion,مستلزمات شخصية,Women's fashion,ملابس نسائية,https://haraj.com.sa/en/tags/ملابس نسائية,Abaya,عبايات,https://haraj.com.sa/en/tags/عبايات
Fashion,مستلزمات شخصية,Women's fashion,ملابس نسائية,https://haraj.com.sa/en/tags/ملابس نسائية,Glavian,جلابيات,https://haraj.com.sa/en/tags/جلابيات
Fashion,مستلزمات شخصية,Women's fashion,ملابس نسائية,https://haraj.com.sa/en/tags/ملابس نسائية,Tops and Women's Ticherit,بلايز وتيشيرتات نسائية,https://haraj.com.sa/en/tags/بلايز وتيشيرتات نسائية
Fashion,مستلزمات شخصية,Women's fashion,ملابس نسائية,https://haraj.com.sa/en/tags/ملابس نسائية,Women's Jackets,جاكيتات نسائية,https://haraj.com.sa/en/tags/جاكيتات نسائية
Fashion,مستلزمات شخصية,Women's fashion,ملابس نسائية,https://haraj.com.sa/en/tags/ملابس نسائية,Women 's Skirts and Pineries,تنانير وبناطيل نسائية,https://haraj.com.sa/en/tags/تنانير وبناطيل نسائية
Fashion,مستلزمات شخصية,Women's fashion,ملابس نسائية,https://haraj.com.sa/en/tags/ملابس نسائية,Women's Sportswear,ملابس رياضية نسائية,https://haraj.com.sa/en/tags/ملابس رياضية نسائية
Fashion,مستلزمات شخصية,Women's fashion,ملابس نسائية,https://haraj.com.sa/en/tags/ملابس نسائية,Lingerie,لانجري,https://haraj.com.sa/en/tags/لانجري
Fashion,مستلزمات شخصية,Women's fashion,ملابس نسائية,https://haraj.com.sa/en/tags/ملابس نسائية,Sleepwear,ملابس نوم,https://haraj.com.sa/en/tags/ملابس نوم
Fashion,مستلزمات شخصية,Sports Accessories,مستلزمات رياضية,https://haraj.com.sa/en/tags/مستلزمات رياضية,,,
Fashion,مستلزمات شخصية,Man Clothes,ملابس رجالية,https://haraj.com.sa/en/tags/ملابس رجالية,Men's Accessories,اكسسوارات رجالية,https://haraj.com.sa/en/tags/اكسسوارات رجالية
Fashion,مستلزمات شخصية,Man Clothes,ملابس رجالية,https://haraj.com.sa/en/tags/ملابس رجالية,Men,اشمغة رجالية,https://haraj.com.sa/en/tags/أشمغة رجالية
Fashion,مستلزمات شخصية,Man Clothes,ملابس رجالية,https://haraj.com.sa/en/tags/ملابس رجالية,Men 's Clothes,ثياب رجالية,https://haraj.com.sa/en/tags/ثياب رجالية
Fashion,مستلزمات شخصية,Man Clothes,ملابس رجالية,https://haraj.com.sa/en/tags/ملابس رجالية,Men's Sportswear,ملابس رياضية رجالية,https://haraj.com.sa/en/tags/ملابس رياضية رجالية
Fashion,مستلزمات شخصية,Man Clothes,ملابس رجالية,https://haraj.com.sa/en/tags/ملابس رجالية,Men's Shirts and Pinatories,قمصان وبناطيل رجالية,https://haraj.com.sa/en/tags/قمصان وبناطيل رجالية
Fashion,مستلزمات شخصية,Man Clothes,ملابس رجالية,https://haraj.com.sa/en/tags/ملابس رجالية,Men's Jackets,جاكيتات رجالية,https://haraj.com.sa/en/tags/جاكيتات رجالية
Fashion,مستلزمات شخصية,Man Clothes,ملابس رجالية,https://haraj.com.sa/en/tags/ملابس رجالية,Men's Bags,شنط رجالية,https://haraj.com.sa/en/tags/شنط رجالية
Fashion,مستلزمات شخصية,Perfumes and Incense,عطورات,https://haraj.com.sa/en/tags/عطورات,Oud and Incense,عود وبخور,https://haraj.com.sa/en/tags/عود وبخور
Fashion,مستلزمات شخصية,Perfumes and Incense,عطورات,https://haraj.com.sa/en/tags/عطورات,Men's Fragrances,عطور رجالية,https://haraj.com.sa/en/tags/عطور رجالية
Fashion,مستلزمات شخصية,Perfumes and Incense,عطورات,https://haraj.com.sa/en/tags/عطورات,Women Fragrances,عطور نسائية,https://haraj.com.sa/en/tags/عطور نسائية
Fashion,مستلزمات شخصية,Perfumes and Incense,عطورات,https://haraj.com.sa/en/tags/عطورات,Other perfumes,عطور اخري,https://haraj.com.sa/en/tags/عطور اخرى
Fashion,مستلزمات شخصية,Watches,ساعات,https://haraj.com.sa/en/tags/ساعات,men's watches,ساعات رجالية,https://haraj.com.sa/en/tags/ساعات رجالية
Fashion,مستلزمات شخصية,Watches,ساعات,https://haraj.com.sa/en/tags/ساعات,women watches,ساعات نسائية,https://haraj.com.sa/en/tags/ساعات نسائية
Fashion,مستلزمات شخصية,Watches,ساعات,https://haraj.com.sa/en/tags/ساعات,Other watches,ساعات اخري,https://haraj.com.sa/en/tags/ساعات اخرى
Fashion,مستلزمات شخصية,Health and beauty,الصحة والجمال,https://haraj.com.sa/en/tags/الصحة والجمال,Hair care,العناية بالشعر,https://haraj.com.sa/en/tags/العناية بالشعر
Fashion,مستلزمات شخصية,Health and beauty,الصحة والجمال,https://haraj.com.sa/en/tags/الصحة والجمال,Skin care,العناية بالبشرة,https://haraj.com.sa/en/tags/العناية بالبشرة
Fashion,مستلزمات شخصية,Health and beauty,الصحة والجمال,https://haraj.com.sa/en/tags/الصحة والجمال,Makeup,المكياج,https://haraj.com.sa/en/tags/المكياج
Fashion,مستلزمات شخصية,Health and beauty,الصحة والجمال,https://haraj.com.sa/en/tags/الصحة والجمال,Other preparations,مستحضرات اخري,https://haraj.com.sa/en/tags/مستحضرات أخرى
Fashion,مستلزمات شخصية,Gifts,هدايا,https://haraj.com.sa/en/tags/هدايا,,,
Fashion,مستلزمات شخصية,Kids Clothes,ملابس اطفال,https://haraj.com.sa/en/tags/ملابس أطفال,Baby carts,عربات اطفال,https://haraj.com.sa/en/tags/عربات أطفال
Fashion,مستلزمات شخصية,Kids Clothes,ملابس اطفال,https://haraj.com.sa/en/tags/ملابس أطفال,Bed and children chairs,سرير وكراسي اطفال,https://haraj.com.sa/en/tags/سرير وكراسي أطفال
Fashion,مستلزمات شخصية,Kids Clothes,ملابس اطفال,https://haraj.com.sa/en/tags/ملابس أطفال,Baby tools,ادوات رضع,https://haraj.com.sa/en/tags/أدوات رضع
Fashion,مستلزمات شخصية,Kids Clothes,ملابس اطفال,https://haraj.com.sa/en/tags/ملابس أطفال,toys,العاب اطفال,https://haraj.com.sa/en/tags/العاب اطفال
Fashion,مستلزمات شخصية,Kids Clothes,ملابس اطفال,https://haraj.com.sa/en/tags/ملابس أطفال,Girls clothes,ملابس بناتي,https://haraj.com.sa/en/tags/ملابس بناتي
Fashion,مستلزمات شخصية,Kids Clothes,ملابس اطفال,https://haraj.com.sa/en/tags/ملابس أطفال,Children's Accessories,اكسسوارات اطفال,https://haraj.com.sa/en/tags/اكسسوارات أطفال
Fashion,مستلزمات شخصية,Kids Clothes,ملابس اطفال,https://haraj.com.sa/en/tags/ملابس أطفال,Car seats for children,مقاعد سيارة للاطفال,https://haraj.com.sa/en/tags/مقاعد سيارة للاطفال
Fashion,مستلزمات شخصية,Kids Clothes,ملابس اطفال,https://haraj.com.sa/en/tags/ملابس أطفال,Clothes and births,ملابس ولادي,https://haraj.com.sa/en/tags/ملابس ولادي
Fashion,مستلزمات شخصية,Kids Clothes,ملابس اطفال,https://haraj.com.sa/en/tags/ملابس أطفال,Children Bags,شنط الاطفال,https://haraj.com.sa/en/tags/شنط الأطفال
Fashion,مستلزمات شخصية,Glasses,نظارات,https://haraj.com.sa/en/tags/نظارات,Men's glasses,نظارات رجالية,https://haraj.com.sa/en/tags/نظارات رجالية
Fashion,مستلزمات شخصية,Glasses,نظارات,https://haraj.com.sa/en/tags/نظارات,Women's glasses,نظارات نسائية,https://haraj.com.sa/en/tags/نظارات نسائية
Fashion,مستلزمات شخصية,Glasses,نظارات,https://haraj.com.sa/en/tags/نظارات,Other glasses,نظارات اخري,https://haraj.com.sa/en/tags/نظارات اخرى
Fashion,مستلزمات شخصية,Luggage,امتعة سفر,https://haraj.com.sa/en/tags/أمتعة سفر,,,
Animals,مواشي وحيوانات وطيور,Parrot,ببغاء,https://haraj.com.sa/en/tags/ببغاء,Zina birds,طيور زينة,https://haraj.com.sa/en/tags/طيور زينة
Animals,مواشي وحيوانات وطيور,Parrot,ببغاء,https://haraj.com.sa/en/tags/ببغاء,Birds Supplies,مستلزمات طيور,https://haraj.com.sa/en/tags/مستلزمات طيور
Animals,مواشي وحيوانات وطيور,Parrot,ببغاء,https://haraj.com.sa/en/tags/ببغاء,Parrot Casco,ببغاء كاسكو,https://haraj.com.sa/en/tags/ببغاء كاسكو
Animals,مواشي وحيوانات وطيور,Parrot,ببغاء,https://haraj.com.sa/en/tags/ببغاء,Parrot Amzona,ببغاء امزوني,https://haraj.com.sa/en/tags/ببغاء امزوني
Animals,مواشي وحيوانات وطيور,Parrot,ببغاء,https://haraj.com.sa/en/tags/ببغاء,Parrot Cockatoo,ببغاء كوكاتو,https://haraj.com.sa/en/tags/ببغاء كوكاتو
Animals,مواشي وحيوانات وطيور,Parrot,ببغاء,https://haraj.com.sa/en/tags/ببغاء,Parrot Macau,ببغاء مكاو,https://haraj.com.sa/en/tags/ببغاء مكاو
Animals,مواشي وحيوانات وطيور,Sheep,غنم,https://haraj.com.sa/en/tags/غنم,Sheep Harri,غنم حري,https://haraj.com.sa/en/tags/غنم حري
Animals,مواشي وحيوانات وطيور,Sheep,غنم,https://haraj.com.sa/en/tags/غنم,Sheep Naeemi,غنم نعيمي,https://haraj.com.sa/en/tags/غنم نعيمي
Animals,مواشي وحيوانات وطيور,Sheep,غنم,https://haraj.com.sa/en/tags/غنم,Sheep Najdi,غنم نجدي,https://haraj.com.sa/en/tags/غنم نجدي
Animals,مواشي وحيوانات وطيور,Sheep,غنم,https://haraj.com.sa/en/tags/غنم,Sheep products,منتجات اغنام,https://haraj.com.sa/en/tags/منتجات اغنام
Animals,مواشي وحيوانات وطيور,Sheep,غنم,https://haraj.com.sa/en/tags/غنم,Sheep Soakny,غنم سواكني,https://haraj.com.sa/en/tags/غنم سواكني
Animals,مواشي وحيوانات وطيور,Sheep,غنم,https://haraj.com.sa/en/tags/غنم,Sheep Burberry,غنم بربري,https://haraj.com.sa/en/tags/غنم بربري
Animals,مواشي وحيوانات وطيور,Sheep,غنم,https://haraj.com.sa/en/tags/غنم,Sheep Supplies,مستلزمات اغنام,https://haraj.com.sa/en/tags/مستلزمات اغنام
Animals,مواشي وحيوانات وطيور,Sheep,غنم,https://haraj.com.sa/en/tags/غنم,Rafidi's sheep,غنم رفيدي,https://haraj.com.sa/en/tags/غنم رفيدي
Animals,مواشي وحيوانات وطيور,Sheep,غنم,https://haraj.com.sa/en/tags/غنم,Romanian sheep,غنم روماني,https://haraj.com.sa/en/tags/غنم روماني
Animals,مواشي وحيوانات وطيور,Cats,قطط,https://haraj.com.sa/en/tags/قطط,Cats Scotch,قطط سكوتش,https://haraj.com.sa/en/tags/قطط سكوتش
Animals,مواشي وحيوانات وطيور,Cats,قطط,https://haraj.com.sa/en/tags/قطط,Cats for adoption,قطط للتبني,https://haraj.com.sa/en/tags/قطط للتبني
Animals,مواشي وحيوانات وطيور,Cats,قطط,https://haraj.com.sa/en/tags/قطط,Cats Sherzai,قطط شيرازي,https://haraj.com.sa/en/tags/قطط شيرازي
Animals,مواشي وحيوانات وطيور,Cats,قطط,https://haraj.com.sa/en/tags/قطط,Cats Supplies,مستلزمات قطط,https://haraj.com.sa/en/tags/مستلزمات قطط
Animals,مواشي وحيوانات وطيور,Cats,قطط,https://haraj.com.sa/en/tags/قطط,Cats Himalayan,قطط هملايا,https://haraj.com.sa/en/tags/قطط هملايا
Animals,مواشي وحيوانات وطيور,Chicken,دجاج,https://haraj.com.sa/en/tags/دجاج,Native Chicken,دجاج بلدي,https://haraj.com.sa/en/tags/دجاج بلدي
Animals,مواشي وحيوانات وطيور,Chicken,دجاج,https://haraj.com.sa/en/tags/دجاج,Poultry Supplies,مستلزمات دواجن,https://haraj.com.sa/en/tags/مستلزمات دواجن
Animals,مواشي وحيوانات وطيور,Chicken,دجاج,https://haraj.com.sa/en/tags/دجاج,Chicken Brahma,دجاج براهما,https://haraj.com.sa/en/tags/دجاج براهما
Animals,مواشي وحيوانات وطيور,Chicken,دجاج,https://haraj.com.sa/en/tags/دجاج,Pakistani chicken,دجاج باكستاني,https://haraj.com.sa/en/tags/دجاج باكستاني
Animals,مواشي وحيوانات وطيور,Chicken,دجاج,https://haraj.com.sa/en/tags/دجاج,Chicken Fiume,دجاج فيومي,https://haraj.com.sa/en/tags/دجاج فيومي
Animals,مواشي وحيوانات وطيور,Chicken,دجاج,https://haraj.com.sa/en/tags/دجاج,Chicken turkey,دجاج رومي,https://haraj.com.sa/en/tags/دجاج رومي
Animals,مواشي وحيوانات وطيور,Chicken,دجاج,https://haraj.com.sa/en/tags/دجاج,French chicken,دجاج فرنسي,https://haraj.com.sa/en/tags/دجاج فرنسي
Animals,مواشي وحيوانات وطيور,Chicken,دجاج,https://haraj.com.sa/en/tags/دجاج,Turkish Chicken,دجاج تركي,https://haraj.com.sa/en/tags/دجاج تركي
Animals,مواشي وحيوانات وطيور,Chicken,دجاج,https://haraj.com.sa/en/tags/دجاج,Chicken Persian,دجاج فارسي,https://haraj.com.sa/en/tags/دجاج فارسي
Animals,مواشي وحيوانات وطيور,Goats,ماعز,https://haraj.com.sa/en/tags/ماعز,Native Goat,ماعز بلدي,https://haraj.com.sa/en/tags/ماعز بلدي
Animals,مواشي وحيوانات وطيور,Goats,ماعز,https://haraj.com.sa/en/tags/ماعز,Ardih goats,ماعز عارضي,https://haraj.com.sa/en/tags/ماعز عارضي
Animals,مواشي وحيوانات وطيور,Goats,ماعز,https://haraj.com.sa/en/tags/ماعز,Dwarf Goats,ماعز قزم,https://haraj.com.sa/en/tags/ماعز قزم
Animals,مواشي وحيوانات وطيور,Goats,ماعز,https://haraj.com.sa/en/tags/ماعز,South goats,ماعز جنوبي,https://haraj.com.sa/en/tags/ماعز جنوبي
Animals,مواشي وحيوانات وطيور,Goats,ماعز,https://haraj.com.sa/en/tags/ماعز,Goat Baishe,ماعز بيشي,https://haraj.com.sa/en/tags/ماعز بيشي
Animals,مواشي وحيوانات وطيور,Goats,ماعز,https://haraj.com.sa/en/tags/ماعز,Dutch goat,ماعز هولندي,https://haraj.com.sa/en/tags/ماعز هولندي
Animals,مواشي وحيوانات وطيور,Goats,ماعز,https://haraj.com.sa/en/tags/ماعز,Shami goats,ماعز شامي,https://haraj.com.sa/en/tags/ماعز شامي
Animals,مواشي وحيوانات وطيور,Goats,ماعز,https://haraj.com.sa/en/tags/ماعز,Hijazi goats,ماعز حجازي,https://haraj.com.sa/en/tags/ماعز حجازي
Animals,مواشي وحيوانات وطيور,Camels,ابل,https://haraj.com.sa/en/tags/أبل,Camel Nyak,ابل نياق,https://haraj.com.sa/en/tags/ابل نياق
Animals,مواشي وحيوانات وطيور,Camels,ابل,https://haraj.com.sa/en/tags/أبل,Camel Ka'adan,ابل قعدان,https://haraj.com.sa/en/tags/ابل قعدان
Animals,مواشي وحيوانات وطيور,Camels,ابل,https://haraj.com.sa/en/tags/أبل,Camel Bakkar,ابل بكار,https://haraj.com.sa/en/tags/ابل بكار
Animals,مواشي وحيوانات وطيور,Camels,ابل,https://haraj.com.sa/en/tags/أبل,Camel Supplies,مستلزمات الابل,https://haraj.com.sa/en/tags/مستلزمات الابل
Animals,مواشي وحيوانات وطيور,Camels,ابل,https://haraj.com.sa/en/tags/أبل,Camel stallions,ابل فحول,https://haraj.com.sa/en/tags/ابل فحول
Animals,مواشي وحيوانات وطيور,Pigeons,حمام,https://haraj.com.sa/en/tags/حمام,Pakistani Pigeon,حمام باكستاني,https://haraj.com.sa/en/tags/حمام باكستاني
Animals,مواشي وحيوانات وطيور,Pigeons,حمام,https://haraj.com.sa/en/tags/حمام,Pigeon Supplies,مستلزمات حمام,https://haraj.com.sa/en/tags/مستلزمات حمام
Animals,مواشي وحيوانات وطيور,Pigeons,حمام,https://haraj.com.sa/en/tags/حمام,French Pigeon,حمام فرنسي,https://haraj.com.sa/en/tags/حمام فرنسي
Animals,مواشي وحيوانات وطيور,Pigeons,حمام,https://haraj.com.sa/en/tags/حمام,Homers,حمام زاجل,https://haraj.com.sa/en/tags/حمام زاجل
Animals,مواشي وحيوانات وطيور,Pigeons,حمام,https://haraj.com.sa/en/tags/حمام,Qatifi Pigeon,حمام قطيفي,https://haraj.com.sa/en/tags/حمام قطيفي
Animals,مواشي وحيوانات وطيور,Pigeons,حمام,https://haraj.com.sa/en/tags/حمام,Shami Pigeon,حمام شامي,https://haraj.com.sa/en/tags/حمام شامي
Animals,مواشي وحيوانات وطيور,Pigeons,حمام,https://haraj.com.sa/en/tags/حمام,Turkish Pigeon,حمام تركي,https://haraj.com.sa/en/tags/حمام تركي
Animals,مواشي وحيوانات وطيور,Pigeons,حمام,https://haraj.com.sa/en/tags/حمام,Dutch Pigeon,حمام هولندي,https://haraj.com.sa/en/tags/حمام هولندي
Animals,مواشي وحيوانات وطيور,Pigeons,حمام,https://haraj.com.sa/en/tags/حمام,Pigeon Snani,حمام صنعاني,https://haraj.com.sa/en/tags/حمام صنعاني
Animals,مواشي وحيوانات وطيور,Pigeons,حمام,https://haraj.com.sa/en/tags/حمام,Indian Pigeon,حمام هندي,https://haraj.com.sa/en/tags/حمام هندي
Animals,مواشي وحيوانات وطيور,Pigeons,حمام,https://haraj.com.sa/en/tags/حمام,Sudanese Pigeon,حمام سوداني,https://haraj.com.sa/en/tags/حمام سوداني
Animals,مواشي وحيوانات وطيور,Pigeons,حمام,https://haraj.com.sa/en/tags/حمام,Egyptian Pigeon,حمام مصري,https://haraj.com.sa/en/tags/حمام مصري
Animals,مواشي وحيوانات وطيور,Horses,خيل,https://haraj.com.sa/en/tags/خيل,Popular horses,خيل شعبي,https://haraj.com.sa/en/tags/خيل شعبي
Animals,مواشي وحيوانات وطيور,Horses,خيل,https://haraj.com.sa/en/tags/خيل,Horses and Lahu,خيل واهو,https://haraj.com.sa/en/tags/خيل واهو
Animals,مواشي وحيوانات وطيور,Horses,خيل,https://haraj.com.sa/en/tags/خيل,Horses Supplies,مستلزمات خيول,https://haraj.com.sa/en/tags/مستلزمات خيول
Animals,مواشي وحيوانات وطيور,Horses,خيل,https://haraj.com.sa/en/tags/خيل,Horse Mix,خيل مكس,https://haraj.com.sa/en/tags/خيل مكس
Animals,مواشي وحيوانات وطيور,Horses,خيل,https://haraj.com.sa/en/tags/خيل,English horses,خيل انجليزي,https://haraj.com.sa/en/tags/خيل انجليزي
Animals,مواشي وحيوانات وطيور,Dogs,كلاب,https://haraj.com.sa/en/tags/كلاب,Dog Maltaz,كلب مالتيز,https://haraj.com.sa/en/tags/كلب مالتيز
Animals,مواشي وحيوانات وطيور,Dogs,كلاب,https://haraj.com.sa/en/tags/كلاب,Dog Pomeranian,كلب بومرينيان,https://haraj.com.sa/en/tags/كلب بومرينيان
Animals,مواشي وحيوانات وطيور,Dogs,كلاب,https://haraj.com.sa/en/tags/كلاب,Dog Jermaine,كلب جيرمن,https://haraj.com.sa/en/tags/كلب جيرمن
Animals,مواشي وحيوانات وطيور,Dogs,كلاب,https://haraj.com.sa/en/tags/كلاب,Dogs Supplies,مستلزمات كلاب,https://haraj.com.sa/en/tags/مستلزمات كلاب
Animals,مواشي وحيوانات وطيور,Dogs,كلاب,https://haraj.com.sa/en/tags/كلاب,Husky dog,كلب هاسكي,https://haraj.com.sa/en/tags/كلب هاسكي
Animals,مواشي وحيوانات وطيور,Dogs,كلاب,https://haraj.com.sa/en/tags/كلاب,Dog Bitbool,كلب بتبول,https://haraj.com.sa/en/tags/كلب بتبول
Animals,مواشي وحيوانات وطيور,Dogs,كلاب,https://haraj.com.sa/en/tags/كلاب,Dog Hitz,كلب شيتزو,https://haraj.com.sa/en/tags/كلب شيتزو
Animals,مواشي وحيوانات وطيور,Dogs,كلاب,https://haraj.com.sa/en/tags/كلاب,Dog Chihuahua,كلب شيواوا,https://haraj.com.sa/en/tags/كلب شيواوا
Animals,مواشي وحيوانات وطيور,Dogs,كلاب,https://haraj.com.sa/en/tags/كلاب,Golden Dog,كلب جولدن,https://haraj.com.sa/en/tags/كلب جولدن
Animals,مواشي وحيوانات وطيور,Fish and turtles,اسماك وسلاحف,https://haraj.com.sa/en/tags/أسماك وسلاحف,Fish,اسماك,https://haraj.com.sa/en/tags/اسماك
Animals,مواشي وحيوانات وطيور,Fish and turtles,اسماك وسلاحف,https://haraj.com.sa/en/tags/أسماك وسلاحف,Turtles,سلاحف,https://haraj.com.sa/en/tags/سلاحف
Animals,مواشي وحيوانات وطيور,Rabbits,ارانب,https://haraj.com.sa/en/tags/ارانب,,,
Animals,مواشي وحيوانات وطيور,Duck,بط,https://haraj.com.sa/en/tags/بط,Duck Bikini,بط بكيني,https://haraj.com.sa/en/tags/بط بكيني
Animals,مواشي وحيوانات وطيور,Duck,بط,https://haraj.com.sa/en/tags/بط,Geese,وز,https://haraj.com.sa/en/tags/وز
Animals,مواشي وحيوانات وطيور,Duck,بط,https://haraj.com.sa/en/tags/بط,Duck Hurcra,بط شرشري,https://haraj.com.sa/en/tags/بط شرشري
Animals,مواشي وحيوانات وطيور,Hyrax,وبر,https://haraj.com.sa/en/tags/وبر,,,
Animals,مواشي وحيوانات وطيور,cows,بقر,https://haraj.com.sa/en/tags/بقر,Native Cow,بقر بلدي,https://haraj.com.sa/en/tags/بقر بلدي
Animals,مواشي وحيوانات وطيور,cows,بقر,https://haraj.com.sa/en/tags/بقر,Cattle Products,منتجات ابقار,https://haraj.com.sa/en/tags/منتجات ابقار
Animals,مواشي وحيوانات وطيور,cows,بقر,https://haraj.com.sa/en/tags/بقر,German Cow,بقر الماني,https://haraj.com.sa/en/tags/بقر الماني
Animals,مواشي وحيوانات وطيور,cows,بقر,https://haraj.com.sa/en/tags/بقر,Dutch Cow,بقر هولندي,https://haraj.com.sa/en/tags/بقر هولندي
Animals,مواشي وحيوانات وطيور,cows,بقر,https://haraj.com.sa/en/tags/بقر,Jersey Cow,بقر جرسي,https://haraj.com.sa/en/tags/بقر جرسي
Animals,مواشي وحيوانات وطيور,cows,بقر,https://haraj.com.sa/en/tags/بقر,Swiss Cow,بقر سويسري,https://haraj.com.sa/en/tags/بقر سويسري
Animals,مواشي وحيوانات وطيور,Hamsters,هامستر,https://haraj.com.sa/en/tags/هامستر,,,
Animals,مواشي وحيوانات وطيور,Squirrels,سناجب,https://haraj.com.sa/en/tags/سناجب,,,
Jobs,وظائف,Administrative functions,وظائف اداريه,https://haraj.com.sa/en/tags/وظائف اداريه,Marketing and Sales,تسويق ومبيعات,https://haraj.com.sa/en/tags/تسويق ومبيعات
Jobs,وظائف,Administrative functions,وظائف اداريه,https://haraj.com.sa/en/tags/وظائف اداريه,Accountant,محاسب,https://haraj.com.sa/en/tags/محاسب
Jobs,وظائف,Administrative functions,وظائف اداريه,https://haraj.com.sa/en/tags/وظائف اداريه,Administrative and human resources,اداري وموارد بشرية,https://haraj.com.sa/en/tags/اداري وموارد بشرية
Jobs,وظائف,Administrative functions,وظائف اداريه,https://haraj.com.sa/en/tags/وظائف اداريه,customer service,خدمة عملاء,https://haraj.com.sa/en/tags/خدمة عملاء
Jobs,وظائف,Administrative functions,وظائف اداريه,https://haraj.com.sa/en/tags/وظائف اداريه,Casher,كاشير,https://haraj.com.sa/en/tags/كاشير
Jobs,وظائف,Administrative functions,وظائف اداريه,https://haraj.com.sa/en/tags/وظائف اداريه,Delegate delivery,مندوب توصيل,https://haraj.com.sa/en/tags/مندوب توصيل
Jobs,وظائف,Administrative functions,وظائف اداريه,https://haraj.com.sa/en/tags/وظائف اداريه,Tourism and hotel,سياحة وفندقة,https://haraj.com.sa/en/tags/سياحة وفندقة
Jobs,وظائف,Administrative functions,وظائف اداريه,https://haraj.com.sa/en/tags/وظائف اداريه,secretary,سكرتير,https://haraj.com.sa/en/tags/سكرتير
Jobs,وظائف,Administrative functions,وظائف اداريه,https://haraj.com.sa/en/tags/وظائف اداريه,A and sincere job,وظيفة معقب ومخلص,https://haraj.com.sa/en/tags/وظيفة معقب ومخلص
Jobs,وظائف,Administrative functions,وظائف اداريه,https://haraj.com.sa/en/tags/وظائف اداريه,A lawyer and legal function,وظيفة محامي وقانوني,https://haraj.com.sa/en/tags/وظيفة محامي وقانوني
Jobs,وظائف,Administrative functions,وظائف اداريه,https://haraj.com.sa/en/tags/وظائف اداريه,Function relationships and information,وظيفة علاقات واعلام,https://haraj.com.sa/en/tags/وظيفة علاقات واعلام
Jobs,وظائف,Administrative functions,وظائف اداريه,https://haraj.com.sa/en/tags/وظائف اداريه,Posts Translator Languages,وظيفة مترجم لغات,https://haraj.com.sa/en/tags/وظيفة مترجم لغات
Jobs,وظائف,Administrative functions,وظائف اداريه,https://haraj.com.sa/en/tags/وظائف اداريه,Other administrative functions,وظائف اداريه اخري,https://haraj.com.sa/en/tags/وظائف اداريه اخرى
Jobs,وظائف,Home employment jobs,وظائف عمالة منزلية,https://haraj.com.sa/en/tags/وظائف عمالة منزلية,personal driver,سائق خاص,https://haraj.com.sa/en/tags/سائق خاص
Jobs,وظائف,Home employment jobs,وظائف عمالة منزلية,https://haraj.com.sa/en/tags/وظائف عمالة منزلية,Domestic worker,عامل منزلي,https://haraj.com.sa/en/tags/عامل منزلي
Jobs,وظائف,Home employment jobs,وظائف عمالة منزلية,https://haraj.com.sa/en/tags/وظائف عمالة منزلية,a house keeper,عاملة منزلية,https://haraj.com.sa/en/tags/عاملة منزلية
Jobs,وظائف,Home employment jobs,وظائف عمالة منزلية,https://haraj.com.sa/en/tags/وظائف عمالة منزلية,Babysitter and Children,جليسة ومربية اطفال,https://haraj.com.sa/en/tags/جليسة ومربية اطفال
Jobs,وظائف,Home employment jobs,وظائف عمالة منزلية,https://haraj.com.sa/en/tags/وظائف عمالة منزلية,Jobs Other Workers,وظائف عماله اخري,https://haraj.com.sa/en/tags/وظائف عماله اخرى
Jobs,وظائف,Jobs Restaurants,وظائف مطاعم,https://haraj.com.sa/en/tags/وظائف مطاعم,Chef and teacher,شيف ومعلم,https://haraj.com.sa/en/tags/شيف ومعلم
Jobs,وظائف,Jobs Restaurants,وظائف مطاعم,https://haraj.com.sa/en/tags/وظائف مطاعم,Parista,باريستا,https://haraj.com.sa/en/tags/باريستا
Jobs,وظائف,Jobs Restaurants,وظائف مطاعم,https://haraj.com.sa/en/tags/وظائف مطاعم,Kahwaji and host,قهوجي ومضيف,https://haraj.com.sa/en/tags/قهوجي ومضيف
Jobs,وظائف,Jobs Restaurants,وظائف مطاعم,https://haraj.com.sa/en/tags/وظائف مطاعم,Other Restaurants Jobs,وظائف مطاعم اخري,https://haraj.com.sa/en/tags/وظائف مطاعم اخرى
Jobs,وظائف,Costumes and beauty jobs,وظائف ازياء وتجميل,https://haraj.com.sa/en/tags/وظائف ازياء وتجميل,Barber,حلاق,https://haraj.com.sa/en/tags/حلاق
Jobs,وظائف,Costumes and beauty jobs,وظائف ازياء وتجميل,https://haraj.com.sa/en/tags/وظائف ازياء وتجميل,sewing,خياطة,https://haraj.com.sa/en/tags/خياطة
Jobs,وظائف,Costumes and beauty jobs,وظائف ازياء وتجميل,https://haraj.com.sa/en/tags/وظائف ازياء وتجميل,Come on,كوفيره,https://haraj.com.sa/en/tags/كوفيره
Jobs,وظائف,Costumes and beauty jobs,وظائف ازياء وتجميل,https://haraj.com.sa/en/tags/وظائف ازياء وتجميل,Modal,مودل,https://haraj.com.sa/en/tags/مودل
Jobs,وظائف,Costumes and beauty jobs,وظائف ازياء وتجميل,https://haraj.com.sa/en/tags/وظائف ازياء وتجميل,Hair Style,هير ستايل,https://haraj.com.sa/en/tags/هير ستايل
Jobs,وظائف,Costumes and beauty jobs,وظائف ازياء وتجميل,https://haraj.com.sa/en/tags/وظائف ازياء وتجميل,Mick Artist,ميك اب ارتست,https://haraj.com.sa/en/tags/ميك اب ارتست
Jobs,وظائف,Costumes and beauty jobs,وظائف ازياء وتجميل,https://haraj.com.sa/en/tags/وظائف ازياء وتجميل,fashion designer,مصممة ازياء,https://haraj.com.sa/en/tags/مصممة ازياء
Jobs,وظائف,Costumes and beauty jobs,وظائف ازياء وتجميل,https://haraj.com.sa/en/tags/وظائف ازياء وتجميل,Other Beauty Jobs,وظائف تجميل اخري,https://haraj.com.sa/en/tags/وظائف تجميل اخرى
Jobs,وظائف,Industrial Jobs,وظائف صناعية,https://haraj.com.sa/en/tags/وظائف صناعية,car mechanic,ميكانيكي سيارات,https://haraj.com.sa/en/tags/ميكانيكي سيارات
Jobs,وظائف,Industrial Jobs,وظائف صناعية,https://haraj.com.sa/en/tags/وظائف صناعية,Car electrician,كهربائي سيارات,https://haraj.com.sa/en/tags/كهربائي سيارات
Jobs,وظائف,Industrial Jobs,وظائف صناعية,https://haraj.com.sa/en/tags/وظائف صناعية,plumber,سمكري,https://haraj.com.sa/en/tags/سمكري
Jobs,وظائف,Industrial Jobs,وظائف صناعية,https://haraj.com.sa/en/tags/وظائف صناعية,Car paint,دهان سيارات,https://haraj.com.sa/en/tags/دهان سيارات
Jobs,وظائف,Industrial Jobs,وظائف صناعية,https://haraj.com.sa/en/tags/وظائف صناعية,Other Industrial Jobs,وظائف صناعية اخري,https://haraj.com.sa/en/tags/وظائف صناعية اخرى
Jobs,وظائف,Educational functions,وظائف تعليمية,https://haraj.com.sa/en/tags/وظائف تعليمية,,,
Jobs,وظائف,Jobs Medical and Nursing,وظائف طب وتمريض,https://haraj.com.sa/en/tags/وظائف طب وتمريض,nurse,ممرض,https://haraj.com.sa/en/tags/ممرض
Jobs,وظائف,Jobs Medical and Nursing,وظائف طب وتمريض,https://haraj.com.sa/en/tags/وظائف طب وتمريض,pharmacist,صيدلي,https://haraj.com.sa/en/tags/صيدلي
Jobs,وظائف,Jobs Medical and Nursing,وظائف طب وتمريض,https://haraj.com.sa/en/tags/وظائف طب وتمريض,doctor,طبيب,https://haraj.com.sa/en/tags/طبيب
Jobs,وظائف,Jobs Medical and Nursing,وظائف طب وتمريض,https://haraj.com.sa/en/tags/وظائف طب وتمريض,Physical treatment technician,فني علاج طبيعي,https://haraj.com.sa/en/tags/فني علاج طبيعي
Jobs,وظائف,Jobs Medical and Nursing,وظائف طب وتمريض,https://haraj.com.sa/en/tags/وظائف طب وتمريض,veterinary,بيطري,https://haraj.com.sa/en/tags/بيطري
Jobs,وظائف,Jobs Medical and Nursing,وظائف طب وتمريض,https://haraj.com.sa/en/tags/وظائف طب وتمريض,Massage Technician,فني مساج,https://haraj.com.sa/en/tags/فني مساج
Jobs,وظائف,Jobs Medical and Nursing,وظائف طب وتمريض,https://haraj.com.sa/en/tags/وظائف طب وتمريض,Other Medical Jobs,وظائف طبية اخري,https://haraj.com.sa/en/tags/وظائف طبية اخرى
Jobs,وظائف,Building and building jobs,وظائف عمارة وبناء,https://haraj.com.sa/en/tags/وظائف عمارة وبناء,Building Supervisor,مشرف مباني,https://haraj.com.sa/en/tags/مشرف مباني
Jobs,وظائف,Building and building jobs,وظائف عمارة وبناء,https://haraj.com.sa/en/tags/وظائف عمارة وبناء,electric buildings,كهربائي مباني,https://haraj.com.sa/en/tags/كهربائي مباني
Jobs,وظائف,Building and building jobs,وظائف عمارة وبناء,https://haraj.com.sa/en/tags/وظائف عمارة وبناء,Building Contractor,مقاول مباني,https://haraj.com.sa/en/tags/مقاول مباني
Jobs,وظائف,Building and building jobs,وظائف عمارة وبناء,https://haraj.com.sa/en/tags/وظائف عمارة وبناء,Carpenter,نجار,https://haraj.com.sa/en/tags/نجار
Jobs,وظائف,Building and building jobs,وظائف عمارة وبناء,https://haraj.com.sa/en/tags/وظائف عمارة وبناء,Paint buildings,دهان مباني,https://haraj.com.sa/en/tags/دهان مباني
Jobs,وظائف,Building and building jobs,وظائف عمارة وبناء,https://haraj.com.sa/en/tags/وظائف عمارة وبناء,paved,مبلط,https://haraj.com.sa/en/tags/مبلط
Jobs,وظائف,Building and building jobs,وظائف عمارة وبناء,https://haraj.com.sa/en/tags/وظائف عمارة وبناء,Plumber function,وظيفة سباك,https://haraj.com.sa/en/tags/وظيفة سباك
Jobs,وظائف,Building and building jobs,وظائف عمارة وبناء,https://haraj.com.sa/en/tags/وظائف عمارة وبناء,Air conditioning technician,فني تكييف,https://haraj.com.sa/en/tags/فني تكييف
Jobs,وظائف,Building and building jobs,وظائف عمارة وبناء,https://haraj.com.sa/en/tags/وظائف عمارة وبناء,Decoration Technician,فني ديكور,https://haraj.com.sa/en/tags/فني ديكور
Jobs,وظائف,Building and building jobs,وظائف عمارة وبناء,https://haraj.com.sa/en/tags/وظائف عمارة وبناء,Malis,مليس,https://haraj.com.sa/en/tags/مليس
Jobs,وظائف,Building and building jobs,وظائف عمارة وبناء,https://haraj.com.sa/en/tags/وظائف عمارة وبناء,Smith,حداد,https://haraj.com.sa/en/tags/حداد
Jobs,وظائف,Building and building jobs,وظائف عمارة وبناء,https://haraj.com.sa/en/tags/وظائف عمارة وبناء,Other construction functions,وظائف بناء اخري,https://haraj.com.sa/en/tags/وظائف بناء اخرى
Jobs,وظائف,Security and safety jobs,وظائف امن وسلامة,https://haraj.com.sa/en/tags/وظائف امن وسلامة,Security guard function,وظيفة حارس امن,https://haraj.com.sa/en/tags/وظيفة حارس امن
Jobs,وظائف,Security and safety jobs,وظائف امن وسلامة,https://haraj.com.sa/en/tags/وظائف امن وسلامة,Safety technician function,وظيفة فني سلامة,https://haraj.com.sa/en/tags/وظيفة فني سلامة
Jobs,وظائف,Security and safety jobs,وظائف امن وسلامة,https://haraj.com.sa/en/tags/وظائف امن وسلامة,Other security functions,وظائف امنيه اخري,https://haraj.com.sa/en/tags/وظائف امنيه اخرى
Jobs,وظائف,Technical and design functions,وظائف تقنية وتصميم,https://haraj.com.sa/en/tags/وظائف تقنية وتصميم,Jobs and communications,وظيفة شبكات واتصالات,https://haraj.com.sa/en/tags/وظيفة شبكات واتصالات
Jobs,وظائف,Technical and design functions,وظائف تقنية وتصميم,https://haraj.com.sa/en/tags/وظائف تقنية وتصميم,Management of communication accounts,ادارة حسابات التواصل,https://haraj.com.sa/en/tags/ادارة حسابات التواصل
Jobs,وظائف,Technical and design functions,وظائف تقنية وتصميم,https://haraj.com.sa/en/tags/وظائف تقنية وتصميم,Media designer function,وظيفة مصمم ميديا,https://haraj.com.sa/en/tags/وظيفة مصمم ميديا
Jobs,وظائف,Technical and design functions,وظائف تقنية وتصميم,https://haraj.com.sa/en/tags/وظائف تقنية وتصميم,Programmer function,وظيفة مبرمج,https://haraj.com.sa/en/tags/وظيفة مبرمج
Jobs,وظائف,Technical and design functions,وظائف تقنية وتصميم,https://haraj.com.sa/en/tags/وظائف تقنية وتصميم,Content writer function,وظيفة كاتب محتوي,https://haraj.com.sa/en/tags/وظيفة كاتب محتوى
Jobs,وظائف,Technical and design functions,وظائف تقنية وتصميم,https://haraj.com.sa/en/tags/وظائف تقنية وتصميم,Other technical functions,وظائف تقنية اخري,https://haraj.com.sa/en/tags/وظائف تقنية اخرى
Jobs,وظائف,Agricultural and grazing functions,وظائف زراعة ورعي,https://haraj.com.sa/en/tags/وظائف زراعة ورعي,Shepherds,راعي مواشي,https://haraj.com.sa/en/tags/راعي مواشي
Jobs,وظائف,Agricultural and grazing functions,وظائف زراعة ورعي,https://haraj.com.sa/en/tags/وظائف زراعة ورعي,Agricultural worker,عامل زراعي,https://haraj.com.sa/en/tags/عامل زراعي
Jobs,وظائف,Agricultural and grazing functions,وظائف زراعة ورعي,https://haraj.com.sa/en/tags/وظائف زراعة ورعي,Other Agricultural Jobs,وظائف زراعية اخري,https://haraj.com.sa/en/tags/وظائف زراعية اخرى
Games,العاب وترفيه,,,,,,
Coaching,تعليم وتدريب,Private classes,دروس خصوصية,https://haraj.com.sa/en/tags/دروس خصوصية,,,
Coaching,تعليم وتدريب,Training courses,دورات تدريبية,https://haraj.com.sa/en/tags/دورات تدريبية,,,
Coaching,تعليم وتدريب,Sports Exercices,تدريب رياضي,https://haraj.com.sa/en/tags/تدريب رياضي,,,
Coaching,تعليم وتدريب,Leading,تعليم قيادة,https://haraj.com.sa/en/tags/تعليم قيادة,,,
Coaching,تعليم وتدريب,Electronic Games Training,تدريب العاب الكترونية,https://haraj.com.sa/en/tags/تدريب العاب الكترونية,,,
Coaching,تعليم وتدريب,Education shares and currencies,تعليم اسهم وعملات,https://haraj.com.sa/en/tags/تعليم اسهم وعملات,,,
Food,اطعمة ومشروبات,,,,,,
Events,حفلات ومناسبات,,,,,,
Coding,برمجة وتصاميم,,,,,,
Gardens,زراعة وحدائق,,,,,,
Rarities,نوادر و تراثيات,,,,,,
Projects_and_Investments,مشاريع واستثمارات,,,,,,
Arts,مكتبة وفنون,,,,,,
Trips,صيد ورحلات,,,,,,
Tourism,سفر وسياحة,Chalets,شاليهات للايجار,https://haraj.com.sa/en/tags/شاليهات للايجار,,,
Tourism,سفر وسياحة,roommate,شريك سكن,https://haraj.com.sa/en/tags/شريك سكن,,,
Tourism,سفر وسياحة,Serviced Apartments,شقق مخدومة,https://haraj.com.sa/en/tags/شقق مخدومة,,,
Lost_and_Found,مفقودات,,,,,,
More,قسم غير مصنف,,,,,,
